wheelchair_accessible_entrance,wheelchair_accessible_parking,women_prayer_section,address,city,country_code,latitud,longituf,neighborhood,openinghours_0_day,openinghours_0_hours,openinghours_1_day,openinghours_1_hours,openinghours_2_day,openinghours_2_hours,openinghours_3_day,openinghours_3_hours,openinghours_4_day,openinghours_4_hours,openinghours_5_day,openingHours_5_hours,openinghours_6_day,openinghours_6_hours,phone,reviews_count,search_pageurl,,state,street,title,url_slug,image_name,total_score,url_google,website
TRUE,TRUE,FALSE,R782+P3Q - Dubai - United Arab Emirates,Dubai,AE,248.168.499,55.250.247,,,,,,,,,,,,,,,,,43,"https://www.google.com/maps/search/Mosqu/@24.82593884667096,55.22625165000002,14z?hl=en",,Dubai,R782+P3Q,Mosque in R782+P3Q,mosque-r782-p3q,mosque-in-r782-p3q.jpg,4.5,https://www.google.com/maps/search/?api=1&query=Mosque&query_place_id=ChIJST9e2kqcXz4Ri3ZA8_qkG4I,
FALSE,TRUE,FALSE,R6CV+3PC - Dubai - United Arab Emirates,Dubai,AE,248.201.951,552.442.762,,,,,,,,,,,,,,,,,5,"https://www.google.com/maps/search/Mosqu/@24.82593884667096,55.22625165000002,14z?hl=en",,Dubai,R6CV+3PC,Endurance City Masjid,endurance-city-masjid,endurance-city-masjid.jpg,5,https://www.google.com/maps/search/?api=1&query=Endurance%20City%20Masjid&query_place_id=ChIJEQynxsudXz4R9Le4a7hO0bE,
TRUE,TRUE,FALSE,7899+3CH - Deira - Dubai - United Arab Emirates,Dubai,AE,252.676.982,553.186.167,Deira,,,,,,,,,,,,,,,,400,"https://www.google.com/maps/search/Mosqu/@25.446258854993534,55.15801460628913,14z?hl=en",,Dubai,7899+3CH,The late Omar Ali Bin Haider mosque,late-omar-ali-bin-haider-mosque,omar-ali-bin-haider-mosque.jpg,4.8,https://www.google.com/maps/search/?api=1&query=The%20late%20Omar%20Ali%20Bin%20Haider%20mosque&query_place_id=ChIJkW2vSspcXz4RZ-ll1ysjdtw,
TRUE,TRUE,FALSE,R6FQ+J3C - Dubai - United Arab Emirates,Dubai,AE,24.824.071,552.376.542,,,,,,,,,,,,,,,,,1,"https://www.google.com/maps/search/Mosqu/@24.82593884667096,55.22625165000002,14z?hl=en",,Dubai,R6FQ+J3C,Mosque in R6FQ+J3C,mosque-r6fq-j3c,mosque-in-R6FQ-J3C.jpg,4,https://www.google.com/maps/search/?api=1&query=Mosque&query_place_id=ChIJ88mC-s-dXz4R3eJEhH1Sjm4,
TRUE,TRUE,FALSE,1 17A St - Deira - Dubai - United Arab Emirates,Dubai,AE,252.689.828,553.231.898,Deira,,,,,,,,,,,,,,,,6,"https://www.google.com/maps/search/Mosqu/@25.446258854993534,55.15801460628913,14z?hl=en",,Dubai,1 17A St,Mosque Reef Mall,mosque-reef-mall,mosque-reef-mall.jpg,4.8,https://www.google.com/maps/search/?api=1&query=Mosque%20Reef%20Mall&query_place_id=ChIJB5w_xTldXz4Rr2erPescJMI,
TRUE,TRUE,FALSE,V5GG+5V7 - Dubai South - Dubai - United Arab Emirates,Dubai,AE,248.754.167,551.771.705,Dubai South,,,,,,,,,,,,,,,,17,"https://www.google.com/maps/search/Mosqu/@24.82593884667096,55.22625165000002,14z?hl=en",,Dubai,V5GG+5V7,Mosque in V5GG+5V7,mosque-v5gg-5v7,v5gg-5v7-mosque.jpg,5,https://www.google.com/maps/search/?api=1&query=Mosque&query_place_id=ChIJ1xtAsQZ1Xz4RND1cHWhu-Qc,
TRUE,TRUE,FALSE,54 3b St - Deira - Dubai - United Arab Emirates,Dubai,AE,252.792.234,553.465.823,Deira,,,,,,,,,,,,,,,,29,"https://www.google.com/maps/search/Mosqu/@25.446258854993534,55.15801460628913,14z?hl=en",,Dubai,54 3b St,Masjid Khalifa bin Sultan Mosque,masjid-khalifa-bin-sultan-mosque,masjid-khalifa-bin-sultan-mosque.jpg,4.9,https://www.google.com/maps/search/?api=1&query=Masjid%20Khalifa%20bin%20Sultan%20Mosque%20%D9%85%D8%B3%D8%AC%D8%AF%20%D8%AE%D9%84%D9%8A%D9%81%D8%A9%20%D8%A8%D9%86%20%D8%B3%D9%84%D8%B7%D8%A7%D9%86&query_place_id=ChIJVVUVlpJcXz4RhQkOUzgeL1k,
TRUE,TRUE,FALSE,Dubai Investment Park - 2 - Dubai - United Arab Emirates,Dubai,AE,249.736.793,552.007.966,Dubai Investments Park,Monday,Open 24 hours,Tuesday,Open 24 hours,Wednesday,Open 24 hours,Thursday,Open 24 hours,Friday,Open 24 hours,Saturday,Open 24 hours,Sunday,Open 24 hours,"9,72E+16",123,"https://www.google.com/maps/search/Mosqu/@24.82593884667096,55.22625165000002,14z?hl=en",,Dubai,Dubai Investment Park - 2,Al Salam Masjid,al-salam-masjid,al-salam-masjid.jpg,4.6,https://www.google.com/maps/search/?api=1&query=Al%20Salam%20Masjid&query_place_id=ChIJt1L9y0tyXz4Rb7fMvkIdoJw,
TRUE,TRUE,FALSE,784H+39W - Port Saeed - Dubai - United Arab Emirates,Dubai,AE,252.552.458,553.284.553,Port Saeed,,,,,,,,,,,,,,,971800600,350,"https://www.google.com/maps/search/Mosqu/@25.446258854993534,55.15801460628913,14z?hl=en",,Dubai,784H+39W,Khalifa Altajir Mosque,khalifa-altajir-mosque,khalifa-altajir-mosque.jpg,4.8,https://www.google.com/maps/search/?api=1&query=Khalifa%20Altajir%20Mosque&query_place_id=ChIJwbw1BtlcXz4RDrtLZKeivxU,
TRUE,TRUE,FALSE,V573+5V - Dubai South - Dubai - United Arab Emirates,Dubai,AE,248.634.177,551.548.189,Dubai South,,,,,,,,,,,,,,,,10,"https://www.google.com/maps/search/Mosqu/@24.82593884667096,55.22625165000002,14z?hl=en",,Dubai,V573+5V,EFTA Mosque,efta-mosque,eifta-mosque.jpg,4.6,https://www.google.com/maps/search/?api=1&query=EFTA%20Mosque&query_place_id=ChIJtRs7CCl1Xz4RqSyvuY0Yofg,
TRUE,TRUE,FALSE,6747+C9X - Al Wasl - Dubai - United Arab Emirates,Dubai,AE,2.520.611,552.634.969,Al Wasl,Monday,5:30 AM to 9 PM,Tuesday,5:30 AM to 9 PM,Wednesday,5:30 AM to 9 PM,Thursday,5:30 AM to 9 PM,Friday,5:30 AM to 9 PM,Saturday,5:30 AM to 9 PM,Sunday,5:30 AM to 9 PM,,219,"https://www.google.com/maps/search/Mosqu/@25.198130851664505,55.22625165000002,14z?hl=en",,Dubai,6747+C9X,City Walk Mosque,city-walk-mosque,city-walk-mosque.jpg,4.8,https://www.google.com/maps/search/?api=1&query=City%20Walk%20Mosque%20%7C%20%D9%85%D8%B3%D8%AC%D8%AF%20%D8%B3%D9%8A%D8%AA%D9%8A%20%D9%88%D9%88%D9%83&query_place_id=ChIJny3yi2RCXz4RxkXmZhyf6tk,
TRUE,TRUE,FALSE,R8XV+VHX - Dubai - United Arab Emirates,Dubai,AE,248.497.349,553.439.994,,Monday,4:21 AM to 10 PM,Tuesday,4:21 AM to 10 PM,Wednesday,4:21 AM to 10 PM,Thursday,4:21 AM to 10 PM,Friday,4:21 AM to 10 PM,Saturday,4:21 AM to 10 PM,Sunday,4:21 AM to 10 PM,,34,"https://www.google.com/maps/search/Mosqu/@24.82593884667096,55.22625165000002,14z?hl=en",,Dubai,R8XV+VHX,The Endurance Masjid,endurance-masjid,endurance-masjid.jpg,5,https://www.google.com/maps/search/?api=1&query=The%20Endurance%20Masjid&query_place_id=ChIJw9DWU-SCXz4Rhhxmy1YO28M,
TRUE,TRUE,FALSE,25 22b St - Jumeirah - Jumeirah 1 - Dubai - United Arab Emirates,Dubai,AE,252.284.785,552.650.281,Jumeirah - Jumeirah 1,,,,,,,,,,,,,,,,44,"https://www.google.com/maps/search/Mosqu/@25.446258854993534,55.15801460628913,14z?hl=en",,Dubai,25 22b St,Abu Bakr Al Siddiq Masjid,abu-bakr-al-siddiq-masjid,abu-bakr-al-siddiq-masjid.jpg,4.8,https://www.google.com/maps/search/?api=1&query=Abu%20Bakr%20Al%20Siddiq%20Masjid&query_place_id=ChIJ90yTzlZCXz4Rzpsqi5ZAyfg,
TRUE,TRUE,FALSE,WXMC+5H7 - Dubai - United Arab Emirates,Dubai,AE,249.319.426,549.704.093,,,,,,,,,,,,,,,,,0,"https://www.google.com/maps/search/Mosqu/@24.950002848335476,54.953303475156446,14z?hl=en",,Dubai,WXMC+5H7,Imran Orange Masjid,imran-orange-masjid,imran-orange-masjid.jpg,,https://www.google.com/maps/search/?api=1&query=%D8%B9%D9%85%D8%B1%D8%A7%D9%86%20%D8%A3%D9%88%D8%B1%D8%A7%D9%86%D8%AC&query_place_id=ChIJ3_yy3lkPXz4Rw93AdeE1vkM,
TRUE,TRUE,FALSE,W294+VQG - Dubai - United Arab Emirates,Dubai,AE,249.196.846,550.069.487,,Monday,Open 24 hours,Tuesday,Open 24 hours,Wednesday,Open 24 hours,Thursday,Open 24 hours,Friday,Open 24 hours,Saturday,Open 24 hours,Sunday,Open 24 hours,,42,"https://www.google.com/maps/search/Mosqu/@24.950002848335476,54.953303475156446,14z?hl=en",,Dubai,W294+VQG,Prayer Room,prayer-room-mosque,prayer-room-masjid.jpg,4.6,https://www.google.com/maps/search/?api=1&query=Prayer%20Room&query_place_id=ChIJi9KYFFUOXz4RzW1wausXRK0,
TRUE,TRUE,FALSE,14 7 B St - Al Hudaiba - Dubai - United Arab Emirates,Dubai,AE,252.426.845,552.802.368,Al Hudaiba,,,,,,,,,,,,,,,,192,"https://www.google.com/maps/search/Mosqu/@25.446258854993534,55.15801460628913,14z?hl=en",,Dubai,14 7 B St,Mosque of Omar ibn al-Khattab,mosque-omar-ibn-al-khattab,mosque-of-omar-ibn-al-khattab.jpg,4.7,https://www.google.com/maps/search/?api=1&query=Mosque%20of%20Omar%20ibn%20al-Khattab&query_place_id=ChIJ40UaPANDXz4RnQ6sNoVJGqg,
TRUE,TRUE,FALSE,57R9+67R - Business Bay - Dubai - United Arab Emirates,Dubai,AE,251.906.199,552.681.439,Business Bay,Monday,Open 24 hours,Tuesday,Open 24 hours,Wednesday,Open 24 hours,Thursday,Open 24 hours,Friday,Open 24 hours,Saturday,Open 24 hours,Sunday,Open 24 hours,97146087777,234,"https://www.google.com/maps/search/Mosqu/@25.198130851664505,55.22625165000002,14z?hl=en",,Dubai,57R9+67R,Sheikh Rashid Al Maktoum Mosque,sheikh-rashid-al-maktoum-mosque,sheikh-rashid-al-maktoum-mosque.jpg,4.9,https://www.google.com/maps/search/?api=1&query=Sheikh%20Rashid%20Al%20Maktoum%20Mosque&query_place_id=ChIJF6ag3clpXz4RcuC9hNAM-S0,
TRUE,TRUE,FALSE,6 28A St - Jumeirah - Jumeirah 1 - Dubai - United Arab Emirates,Dubai,AE,252.235.072,552.633.102,Jumeirah - Jumeirah 1,,,,,,,,,,,,,,,,65,"https://www.google.com/maps/search/Mosqu/@25.384226854161277,55.089777562578234,14z?hl=en",,Dubai,6 28A St,Fatima Alsayd Mosque,fatima-alsayd-mosque,fatima-alsayd-mosque.jpg,4.8,https://www.google.com/maps/search/?api=1&query=Fatima%20Alsayd%20Mosque%20%D9%85%D8%B3%D8%AC%D8%AF%20%D9%81%D8%A7%D8%B7%D9%85%D8%A9%20%D8%A7%D9%84%D8%B3%D9%8A%D8%AF&query_place_id=ChIJvVfqFFpCXz4RJVFtAXFlJZc,
TRUE,TRUE,FALSE,مسجد الملا - Dubai Marina - Dubai - United Arab Emirates,Dubai,AE,250.830.363,551.428.238,Dubai Marina,Monday,4 AM to 9:30 PM,Tuesday,4 AM to 9:30 PM,Wednesday,4 AM to 9:30 PM,Thursday,4 AM to 9:30 PM,Friday,4 AM to 9:30 PM,Saturday,4 AM to 9:30 PM,Sunday,4 AM to 9:30 PM,"9,72E+16",1254,"https://www.google.com/maps/search/Mosqu/@25.136098850832248,54.953303475156446,14z?hl=en",,Dubai,مسجد الملا,Mohammad Bin Ahmed Al Mulla mosque,mohammad-bin-ahmed-al-mulla-mosque,mohammad-bin-ahmed-al-mulla-mosque.jpg,4.8,https://www.google.com/maps/search/?api=1&query=Mohammad%20Bin%20Ahmed%20Al%20Mulla%20mosque&query_place_id=ChIJqWzRGlRrXz4RPIRgV3J9AO4,http://www.islamicic.com/mosque
TRUE,TRUE,FALSE,19 Al Maktoum Hospital Rd - Deira - Dubai - United Arab Emirates,Dubai,AE,252.691.654,553.049.658,Deira,,,,,,,,,,,,,,,,154,"https://www.google.com/maps/search/Mosqu/@25.446258854993534,55.15801460628913,14z?hl=en",,Dubai,19 Al Maktoum Hospital Rd,Muhammad Bin Madiyyeh Mosque,muhammad-bin-madiyyeh-mosque,muhammad-bin-madiyyeh-mosque.jpg,4.7,https://www.google.com/maps/search/?api=1&query=Muhammad%20Bin%20Madiyyeh%20Mosque&query_place_id=ChIJofQhX0hDXz4R1L0Y81YciBs,
TRUE,TRUE,FALSE,273X+H26 - Dubai - United Arab Emirates,Dubai,AE,250.039.031,552.975.198,,Monday,"5:15 to 7:50 AM, 12:10 to 1 PM, 3:20 to 4:10 PM, 6:10 to 8 PM",Tuesday,"5:15 to 7:50 AM, 12:10 to 1 PM, 3:20 to 4:10 PM, 6:10 to 8 PM",Wednesday,"5:15 to 7:50 AM, 12:10 to 1 PM, 3:20 to 4:10 PM, 6:10 to 8 PM",Thursday,"5:15 to 7:50 AM, 12:10 to 1 PM, 3:20 to 4:10 PM, 6:10 to 8 PM",Friday,"5:15 to 7:50 AM, 12:10 to 1:40 PM, 3:20 to 4:10 PM, 6:10 to 8 PM",Saturday,"5:15 to 7:50 AM, 12:10 to 1 PM, 3:20 to 4:10 PM, 6:10 to 8 PM",Sunday,"5:15 to 7:50 AM, 12:10 to 1 PM, 3:20 to 4:10 PM, 6:10 to 8 PM",,136,"https://www.google.com/maps/search/Mosqu/@24.82593884667096,55.22625165000002,14z?hl=en",,Dubai,273X+H26,Town Square Mosque,town-square-mosque,town-square-mosque.jpg,4.9,https://www.google.com/maps/search/?api=1&query=Town%20Square%20Mosque&query_place_id=ChIJ1boMWCBxXz4RGvRTdnrf_G4,https://nshama.ae/
TRUE,TRUE,FALSE,"Al Satwa Road, Al Satwa - Dubai - United Arab Emirates",Dubai,AE,252.321.245,552.770.468,,Monday,5:06 AM to 11:02 PM,Tuesday,5:06 AM to 11:02 PM,Wednesday,5:06 AM to 11:02 PM,Thursday,5:06 AM to 11:02 PM,Friday,5:06 AM to 11:02 PM,Saturday,5:06 AM to 11:02 PM,Sunday,5:06 AM to 11:02 PM,97146087777,1834,"https://www.google.com/maps/search/Mosqu/@25.32219485332902,55.15801460628913,14z?hl=en",,Dubai,"Al Satwa Road, Al Satwa",Al Satwa Big Mosque,al-satwa-big-mosque,al-satwa-big-mosque.jpg,4.7,https://www.google.com/maps/search/?api=1&query=Al%20Satwa%20Big%20Mosque&query_place_id=ChIJTyYnvvtCXz4RGdjpMJZQ2bk,https://www.iacad.gov.ae/
TRUE,TRUE,FALSE,W265+XVX - Dubai - United Arab Emirates,Dubai,AE,249.124.998,550.097.331,,,,,,,,,,,,,,,,,55,"https://www.google.com/maps/search/Mosqu/@24.950002848335476,54.953303475156446,14z?hl=en",,Dubai,W265+XVX,Mosque in W265+XVX,mosque-w265-xvx,mosque-in-w265-xvx.jpg,4.6,https://www.google.com/maps/search/?api=1&query=Mosque&query_place_id=ChIJc1ySyDMPXz4R9GbYOuGySqQ,
TRUE,TRUE,FALSE,12- - 14 6A St - Dubai - United Arab Emirates,Dubai,AE,252.036.446,552.527.798,Al Wasl,,,,,,,,,,,,,,,"9,72E+16",66,"https://www.google.com/maps/search/Mosqu/@25.384226854161277,55.089777562578234,14z?hl=en",,Dubai,12- - 14 6A St,Masjid Al Noor,masjid-al-noor-mosque,masjid-al-noor.jpg,4.7,https://www.google.com/maps/search/?api=1&query=%D9%85%D8%B3%D8%AC%D8%AF%20%D8%A7%D9%84%D9%86%D9%88%D8%B1%20Masjid%20Al%20Noor&query_place_id=ChIJtYSI0W1CXz4RrLxbKnmW4wA,
TRUE,TRUE,FALSE,35WG+XFV - Barsha Heights - Dubai - United Arab Emirates,Dubai,AE,250.974.809,551.761.866,Barsha Heights,Monday,Open 24 hours,Tuesday,Open 24 hours,Wednesday,Open 24 hours,Thursday,Open 24 hours,Friday,Open 24 hours,Saturday,Open 24 hours,Sunday,Open 24 hours,,699,"https://www.google.com/maps/search/Mosqu/@25.136098850832248,54.953303475156446,14z?hl=en",,Dubai,35WG+XFV,Hamel Al Ghaith Mosque,hamel-al-ghaith-mosque,hamel-al-ghaith-mosque.jpg,4.8,https://www.google.com/maps/search/?api=1&query=Hamel%20Al%20Ghaith%20Mosque&query_place_id=ChIJAaac-HlrXz4RXhLPlOpu5Kc,
TRUE,TRUE,FALSE,57V6+G3R - Al Wasl - Dubai - United Arab Emirates,Dubai,AE,251.938.685,552.601.341,Al Wasl,Monday,Open 24 hours,Tuesday,Open 24 hours,Wednesday,Open 24 hours,Thursday,Open 24 hours,Friday,Open 24 hours,Saturday,Open 24 hours,Sunday,Open 24 hours,,120,"https://www.google.com/maps/search/Mosqu/@25.198130851664505,55.22625165000002,14z?hl=en",,Dubai,57V6+G3R,Khalifa Bin Da'en Mosque,khalifa-bin-daen-mosque,khalifa-bin-daen-mosque.jpg,4.8,https://www.google.com/maps/search/?api=1&query=Khalifa%20Bin%20Da'en%20Mosque&query_place_id=ChIJVc31FnhCXz4Rrvw6894OnYE,
TRUE,TRUE,FALSE,39 2B St - Al Wasl - Dubai - United Arab Emirates,Dubai,AE,251.995.568,552.501.134,Al Wasl,,,,,,,,,,,,,,,,18,"https://www.google.com/maps/search/Mosqu/@25.446258854993534,55.15801460628913,14z?hl=en",,Dubai,39 2B St,Wasl Road 2 Mosque,wasl-road-2-mosque,wasl-road-2-mosque.jpg,4.8,https://www.google.com/maps/search/?api=1&query=Wasl%20Road%202%20Mosque&query_place_id=ChIJTX7Tj3JCXz4R14fE56Y6j7I,
TRUE,TRUE,FALSE,X5PW+5C9 - near Fida Al Madina - Dubai Investments Park - Dubai - United Arab Emirates,Dubai,AE,249.854.198,551.961.239,Dubai Investments Park,Monday,Open 24 hours,Tuesday,Open 24 hours,Wednesday,Open 24 hours,Thursday,Open 24 hours,Friday,Open 24 hours,Saturday,Open 24 hours,Sunday,Open 24 hours,,79,"https://www.google.com/maps/search/Mosqu/@24.82593884667096,55.22625165000002,14z?hl=en",,Dubai,X5PW+5C9 - near Fida Al Madina,Masjid Abdul Razak Allana Mosque,masjid-abdul-razak-allana-mosque,masjid-abdul-razak-allana-mosque.jpg,4.6,https://www.google.com/maps/search/?api=1&query=Masjid%20Abdul%20Razak%20Allana%20Mosque&query_place_id=ChIJFSJy0ClzXz4RtKzvpClkmRk,
TRUE,TRUE,FALSE,57VJ+8VM - Dubai Fountain St - Downtown Dubai - Dubai - United Arab Emirates,Dubai,AE,251.931.552,552.820.267,Downtown Dubai,Monday,3:30 AM to 10 PM,Tuesday,3:30 AM to 10 PM,Wednesday,3:30 AM to 10 PM,Thursday,3:30 AM to 10 PM,Friday,3:30 AM to 10 PM,Saturday,3:30 AM to 10 PM,Sunday,3:30 AM to 10 PM,971800600,72,"https://www.google.com/maps/search/Mosqu/@25.32219485332902,55.15801460628913,14z?hl=en",,Dubai,57VJ+8VM - Dubai Fountain St,Sheikha Abdullah Salem Mosque,sheikha-abdullah-salem-mosque,sheikha-abdullah-salem-mosque.jpg,5,https://www.google.com/maps/search/?api=1&query=Sheikha%20Abdullah%20Salem%20Mosque&query_place_id=ChIJQaqPsF5pXz4Rlp8XDX9fCIc,http://www.iacad.gov.ae/
TRUE,TRUE,FALSE,W295+6GC - Unnamed Road - Dubai - United Arab Emirates,Dubai,AE,249.180.625,550.087.582,,,,,,,,,,,,,,,,,17,"https://www.google.com/maps/search/Mosqu/@24.950002848335476,54.953303475156446,14z?hl=en",,Dubai,W295+6GC - Unnamed Road,Riverland Mosque,riverland-mosque,riverland-mosque.jpg,4.6,https://www.google.com/maps/search/?api=1&query=Riverland%20Mosque&query_place_id=ChIJEQTQUTAPXz4RjXEiJxCTN_Y,
TRUE,TRUE,FALSE,11 6b St - Jumeirah - Jumeirah 2 - Dubai - United Arab Emirates,Dubai,AE,252.077.198,552.442.249,Jumeirah - Jumeirah 2,,,,,,,,,,,,,,,,101,"https://www.google.com/maps/search/Mosqu/@25.384226854161277,55.089777562578234,14z?hl=en",,Dubai,11 6b St,Masjid Rashid Al Hadeeth,masjid-rashid-al-hadeeth,masjid-rashid-al-hadeeth.jpg,4.8,https://www.google.com/maps/search/?api=1&query=Masjid%20Rashid%20Al%20Hadeeth&query_place_id=ChIJP_F6vhVCXz4RGdc2gS53qu4,
TRUE,TRUE,FALSE,56QQ+FW2 - Jumeirah - Jumeirah 3 - Dubai - United Arab Emirates,Dubai,AE,251.886.268,552.397.654,Jumeirah - Jumeirah 3,Monday,Open 24 hours,Tuesday,Open 24 hours,Wednesday,Open 24 hours,Thursday,Open 24 hours,Friday,Open 24 hours,Saturday,Open 24 hours,Sunday,Open 24 hours,"9,72E+16",42,"https://www.google.com/maps/search/Mosqu/@25.198130851664505,55.22625165000002,14z?hl=en",,Dubai,56QQ+FW2,Al Safa Mosque,al-safa-mosque,al-safa-mosque.jpg,4.9,https://www.google.com/maps/search/?api=1&query=Al%20Safa%20Mosque&query_place_id=ChIJsx8wwhxDXz4R5JVO_BNGkmw,
TRUE,TRUE,FALSE,23 23b St - Za'abeel - Za'abeel 1 - Dubai - United Arab Emirates,Dubai,AE,252.216.527,553.078.592,Za'abeel - Za'abeel 1,Monday,Open 24 hours,Tuesday,Open 24 hours,Wednesday,Open 24 hours,Thursday,Open 24 hours,Friday,Open 24 hours,Saturday,Open 24 hours,Sunday,Open 24 hours,,55,"https://www.google.com/maps/search/Mosqu/@25.32219485332902,55.15801460628913,14z?hl=en",,Dubai,23 23b St,Za'abeel 1 Mosque,zaabeel-1-mosque,zaabeel-1-mosque.jpg,4.9,https://www.google.com/maps/search/?api=1&query=Za'abeel%201%20Mosque&query_place_id=ChIJtWgKurZCXz4R86IzTxDJwQQ,
TRUE,TRUE,FALSE,34GM+FG7 - Beach Walk - Dubai - United Arab Emirates,Dubai,AE,250.761.632,55.133.785,Jumeirah Beach Residence,Monday,Open 24 hours,Tuesday,Open 24 hours,Wednesday,Open 24 hours,Thursday,Open 24 hours,Friday,Open 24 hours,Saturday,Open 24 hours,Sunday,Open 24 hours,,47,"https://www.google.com/maps/search/Mosqu/@25.136098850832248,54.953303475156446,14z?hl=en",,Dubai,34GM+FG7 - Beach Walk,JBR Mosque (Level 1) (Friday Prayer),jbr-mosque-level-1-friday-prayer,jbr-mosque-level-1-friday-prayer.jpg,4.7,https://www.google.com/maps/search/?api=1&query=JBR%20Mosque%20(Level%201)%20(Friday%20Prayer)&query_place_id=ChIJzUsdilUTXz4RmnOCyTfcyrg,
TRUE,TRUE,FALSE,R3XC+892 - Dubai Industrial City - Dubai Industrial Park - Dubai - United Arab Emirates,Dubai,AE,248.482.545,550.708.969,Dubai Industrial City - Dubai Industrial Park,,,,,,,,,,,,,,,,49,"https://www.google.com/maps/search/Mosqu/@24.82593884667096,55.22625165000002,14z?hl=en",,Dubai,R3XC+892,"Mosque,Phase II",mosque-phase-ii,mosque-phase-ii.jpg,4.4,https://www.google.com/maps/search/?api=1&query=Mosque%2CPhase%20II&query_place_id=ChIJBzGP8DUKXz4RbmmZzSXTA2c,
TRUE,TRUE,FALSE,"Gate Avenue (new extension) Zone D, 1st Floor, next to the food hall - Trade CentreDIFC - Dubai - United Arab Emirates",Dubai,AE,252.084.412,552.777.506,Trade Centre - DIFC,,,,,,,,,,,,,,,97143622222,145,"https://www.google.com/maps/search/Mosqu/@25.446258854993534,55.15801460628913,14z?hl=en",,Dubai,"Gate Avenue (new extension) Zone D, 1st Floor, next to the food hall - Trade CentreDIFC",DIFC Grand Mosque,difc-grand-mosque,dubai-international-financial-centre-grand-mosque.jpg,4.8,https://www.google.com/maps/search/?api=1&query=DIFC%20Grand%20Mosque&query_place_id=ChIJ8Sx3rbRDXz4RTvhzs2lNI9A,
TRUE,TRUE,FALSE,68V5+J3Q - Al Karama - Dubai - United Arab Emirates,Dubai,AE,252.440.982,553.077.477,Al Karama,,,,,,,,,,,,,,,,83,"https://www.google.com/maps/search/Mosqu/@25.384226854161277,55.089777562578234,14z?hl=en",,Dubai,68V5+J3Q,Abdullah Al Zahri masjid -24,abdullah-al-zahri-masjid-24,abdullah-al-zahri-masjid-24.jpg,4.7,https://www.google.com/maps/search/?api=1&query=Abdullah%20Al%20Zahri%20masjid%20-24&query_place_id=ChIJWyeHidZCXz4RAlzRzhXiu7c,
TRUE,TRUE,FALSE,W2C4+R3W - Dubai - United Arab Emirates,Dubai,AE,249.227.241,550.047.033,,,,,,,,,,,,,,,,,3,"https://www.google.com/maps/search/Mosqu/@24.950002848335476,54.953303475156446,14z?hl=en",,Dubai,W2C4+R3W,Motiongate mosque,motiongate-mosque,motiongate-mosque.jpg,4.7,https://www.google.com/maps/search/?api=1&query=Motiongate%20mosque&query_place_id=ChIJlwvweq0PXz4RjFJ7DJPcxc8,
TRUE,TRUE,FALSE,119 6D St - Al Safa - Al Safa 1 - Dubai - United Arab Emirates,Dubai,AE,251.715.754,552.329.235,Al Safa - Al Safa 1,,,,,,,,,,,,,,,97143944448,3110,"https://www.google.com/maps/search/Mosqu/@25.198130851664505,55.22625165000002,14z?hl=en",,Dubai,119 6D St,Al Farooq Omar Bin Al Khattab Mosque,al-farooq-omar-bin-al-khattab-mosque,al-farooq-omar-bin-al-khattab-mosque.jpg,4.8,https://www.google.com/maps/search/?api=1&query=Al%20Farooq%20Omar%20Bin%20Al%20Khattab%20Mosque&query_place_id=ChIJ2X21FvFpXz4RtsrnbiiFKnw,https://www.alfarooqcentre.com/
TRUE,TRUE,FALSE,24RR+984 - Jebel Ali Village - Discovery Gardens - Dubai - United Arab Emirates,Dubai,AE,250.408.899,551.408.378,Jebel Ali Village - Discovery Gardens,Monday,Open 24 hours,Tuesday,Open 24 hours,Wednesday,Open 24 hours,Thursday,Open 24 hours,Friday,Open 24 hours,Saturday,Open 24 hours,Sunday,Open 24 hours,,225,"https://www.google.com/maps/search/Mosqu/@25.136098850832248,54.953303475156446,14z?hl=en",,Dubai,24RR+984,Nakheel Mosque,nakheel-mosque,nakheel-mosque.jpg,4.7,https://www.google.com/maps/search/?api=1&query=Nakheel%20Mosque&query_place_id=ChIJc7WOZtRsXz4R9NSL37FRHJI,
TRUE,TRUE,FALSE,V926+XM - Dubai - United Arab Emirates,Dubai,AE,248.524.118,553.616.527,,Monday,Open 24 hours,Tuesday,Open 24 hours,Wednesday,Open 24 hours,Thursday,Open 24 hours,Friday,Open 24 hours,Saturday,Open 24 hours,Sunday,Open 24 hours,,5,"https://www.google.com/maps/search/Mosqu/@24.82593884667096,55.22625165000002,14z?hl=en",,Dubai,V926+XM,"Mosque, Masjid",/mosque-masjid,masjid-wahid.jpg,4.6,https://www.google.com/maps/search/?api=1&query=Mosque%2C%20Masjid&query_place_id=ChIJC2umREKDXz4Rr_0TN9w4hmU,
,FALSE,FALSE,,Dubai,,,,,,,,,,,,,,,,,,,,,,,,,,mosque-alharam-makkah,,,,
TRUE,TRUE,FALSE,9 13A St - Al Jaffiliya - Dubai - United Arab Emirates,Dubai,AE,252.423.699,552.847.641,Al Jaffiliya,,,,,,,,,,,,,,,,65,"https://www.google.com/maps/search/Mosqu/@25.384226854161277,55.089777562578234,14z?hl=en",,Dubai,9 13A St,Al-Jafiliya Mosque,al-jafiliya-mosque,al-jafiliya-mosque.jpg,4.8,https://www.google.com/maps/search/?api=1&query=Al-Jafiliya%20Mosque&query_place_id=ChIJYyQOux1DXz4R4TXe0KIqr80,
TRUE,TRUE,FALSE,5 10A St - Al Fahidi - Dubai - United Arab Emirates,Dubai,AE,25.261.061,55.287.271,Al Fahidi,Monday,4 AM to 9 PM,Tuesday,4 AM to 9 PM,Wednesday,4 AM to 9 PM,Thursday,4 AM to 9 PM,Friday,4 AM to 9 PM,Saturday,4 AM to 9 PM,Sunday,4 AM to 9 PM,,56,"https://www.google.com/maps/search/Mosqu/@25.32219485332902,55.15801460628913,14z?hl=en",,Dubai,5 10A St,Al Raffa Mosque,al-raffa-mosque,al-raffa-mosque.jpg,4.6,https://www.google.com/maps/search/?api=1&query=Al%20Raffa%20Mosque&query_place_id=ChIJS_ETpBRDXz4RitDSDKkmvAk,
TRUE,TRUE,FALSE,36MG+6XG - Al Barsha - Al Barsha South - Dubai - United Arab Emirates,Dubai,AE,25.083.051,552.274.377,Al Barsha - Al Barsha South,Monday,Open 24 hours,Tuesday,Open 24 hours,Wednesday,Open 24 hours,Thursday,Open 24 hours,Friday,Open 24 hours,Saturday,Open 24 hours,Sunday,Open 24 hours,,261,"https://www.google.com/maps/search/Mosqu/@25.136098850832248,54.953303475156446,14z?hl=en",,Dubai,36MG+6XG,Ali Al-haj Mosque Masjid,ali-al-haj-mosque-masjid,ali-al-haj-mosque.jpg,4.8,https://www.google.com/maps/search/?api=1&query=Ali%20Al-haj%20Mosque%20Masjid&query_place_id=ChIJnUq6XaBuXz4R8p1RsDROZSA,
TRUE,TRUE,FALSE,7834+F6Q Burjuman - Metro Station - Al Karama - Dubai - United Arab Emirates,Dubai,AE,252.537.084,553.056.012,Al Karama,,,,,,,,,,,,,,,,148,"https://www.google.com/maps/search/Mosqu/@25.446258854993534,55.15801460628913,14z?hl=en",,Dubai,7834+F6Q Burjuman - Metro Station,Essa Saleh Al Gurg Mosque,essa-saleh-al-gurg-mosque,essa-saleh-al-gurg-mosque.jpg,4.7,https://www.google.com/maps/search/?api=1&query=Essa%20Saleh%20Al%20Gurg%20Mosque&query_place_id=ChIJZcKtBi9DXz4Rb2pvIwdehyg,
TRUE,TRUE,FALSE,W4MC+P9 - Jabal Ali Industrial Second - Dubai - United Arab Emirates,Dubai,AE,249.343.564,551.209.799,Jabal Ali Industrial Second,Monday,Open 24 hours,Tuesday,Open 24 hours,Wednesday,Open 24 hours,Thursday,Open 24 hours,Friday,Open 24 hours,Saturday,Closed,Sunday,Closed,,6,"https://www.google.com/maps/search/Mosqu/@24.82593884667096,55.22625165000002,14z?hl=en",,Dubai,W4MC+P9,B Bay new Masjid,b-bay-new-masjid,b-bay-new-masjid.jpg,4.7,https://www.google.com/maps/search/?api=1&query=%D9%85%D8%B3%D8%AC%D8%AF&query_place_id=ChIJq4006dMNXz4Rg947tkJnA74,
,FALSE,FALSE,,Dubai,,,,,,,,,,,,,,,,,,,,,,,,,,mosque-alharam-makkah,,,,
,FALSE,FALSE,,Dubai,,,,,,,,,,,,,,,,,,,,,,,,,,mosque-alhambra-california,,,,
TRUE,TRUE,FALSE,Al Seba St - Al Rahim - Dubai Marina - Dubai - United Arab Emirates,Dubai,AE,250.688.019,55.132.179,Al Rahim - Dubai Marina,,,,,,,,,,,,,,,,1704,"https://www.google.com/maps/search/Mosqu/@25.07406684999999,55.15801460628913,14z?hl=en",,Dubai,Al Seba St,Al Rahim masjid,al-rahim-masjid,al-rahim-masjid.jpg,4.8,https://www.google.com/maps/search/?api=1&query=Al%20Rahim%20masjid&query_place_id=ChIJLU1W2FMTXz4RA5br07OJ3DQ,http://www.dubaimarina.ae/en/about/amenities/mosque.aspx
TRUE,TRUE,FALSE,W294+VQG - Dubai - United Arab Emirates,Dubai,AE,249.198.795,550.068.089,,,,,,,,,,,,,,,,,3,"https://www.google.com/maps/search/Mosqu/@24.950002848335476,54.953303475156446,14z?hl=en",,Dubai,W294+VQG,Dubai Parks and Resorts - Masjed,dubai-parks-resorts-masjed,dubai-parks-and-resorts-masjid.jpg,5,https://www.google.com/maps/search/?api=1&query=Dubai%20Parks%20and%20Resorts%20-%20Masjed&query_place_id=ChIJM9LXmV0PXz4Rrwye44BNkQc,
TRUE,TRUE,FALSE,2423+FC2 - Mina Jebel Ali - Jabal Ali Industrial First - Dubai - United Arab Emirates,Dubai,AE,250.011.347,551.035.032,Mina Jebel Ali - Jabal Ali Industrial First,Monday,Open 24 hours,Tuesday,Open 24 hours,Wednesday,Open 24 hours,Thursday,Open 24 hours,Friday,Open 24 hours,Saturday,Open 24 hours,Sunday,Open 24 hours,,19,"https://www.google.com/maps/search/Mosqu/@25.136098850832248,54.953303475156446,14z?hl=en",,Dubai,2423+FC2,Nuzul Camp Mosque,nuzul-camp-mosque,nuzul-camp-mosque.jpg,4.8,https://www.google.com/maps/search/?api=1&query=Nuzul%20Camp%20Mosque&query_place_id=ChIJR2ZasV0TXz4R-za-JXKeRIs,
TRUE,TRUE,FALSE,7869+74M - 6B St - Deira - Riggat Al Buteen - Dubai - United Arab Emirates,Dubai,AE,252.607.104,553.177.832,Deira - Riggat Al Buteen,,,,,,,,,,,,,,,,191,"https://www.google.com/maps/search/Mosqu/@25.446258854993534,55.15801460628913,14z?hl=en",,Dubai,7869+74M - 6B St,Yaqub Mosque,yaqub-mosque,yaqub-mosque.jpg,4.8,https://www.google.com/maps/search/?api=1&query=Yaqub%20Mosque&query_place_id=ChIJ30lwms1cXz4RVwTDYdVpJLU,
TRUE,TRUE,FALSE,W6XC+6WQ - Dubai - United Arab Emirates,Dubai,AE,249.480.845,552.223.666,,,,,,,,,,,,,,,,,76,"https://www.google.com/maps/search/Mosqu/@24.82593884667096,55.22625165000002,14z?hl=en",,Dubai,W6XC+6WQ,The Pulse Mosque,the-pulse-mosque,pulse-mosque.jpg,4.6,https://www.google.com/maps/search/?api=1&query=The%20Pulse%20Mosque&query_place_id=ChIJxcgENWtzXz4RNpiN7quJmg4,
TRUE,TRUE,FALSE,57F3+HF9 - Al Quoz - Al Quoz 1 - Dubai - United Arab Emirates,Dubai,AE,251.739.189,552.537.464,Al Quoz - Al Quoz 1,,,,,,,,,,,,,,,,33,"https://www.google.com/maps/search/Mosqu/@25.198130851664505,55.22625165000002,14z?hl=en",,Dubai,57F3+HF9,Makhtoom Bin Khalifa Bin Saeed Al Maktoom Mosque,makhtoom-bin-khalifa-bin-saeed-al-maktoom-mosque,makhtoom-bin-khalifa-bin-saeed-al-maktoom-mosque.jpg,4.8,https://www.google.com/maps/search/?api=1&query=Makhtoom%20Bin%20Khalifa%20Bin%20Saeed%20Al%20Maktoom%20Mosque&query_place_id=ChIJQx8Ut6ZpXz4RuJiv98aeeZc,
TRUE,TRUE,FALSE,772Q+3V8 - 2A St - Al Mankhool - Dubai - United Arab Emirates,Dubai,AE,252.501.638,552.896.941,Al Mankhool,,,,,,,,,,,,,,,,205,"https://www.google.com/maps/search/Mosqu/@25.384226854161277,55.089777562578234,14z?hl=en",,Dubai,772Q+3V8 - 2A St,Al Mankhool Al Kabeer Masjid,al-mankhool-al-kabeer-masjid,al-mankhool-al-kabeer-masjid.jpg,4.8,https://www.google.com/maps/search/?api=1&query=Al%20Mankhool%20Al%20Kabeer%20Masjid&query_place_id=ChIJPYe4O0VDXz4RHbSO_dBYUAo,
TRUE,TRUE,FALSE,18 16th St - Deira - Dubai - United Arab Emirates,Dubai,AE,252.736.182,553.040.241,Deira,Monday,8:30 AM to 7:30 PM,Tuesday,8:30 AM to 7:30 PM,Wednesday,8:30 AM to 7:30 PM,Thursday,8:30 AM to 7:30 PM,Friday,8:30 AM to 7:30 PM,Saturday,8:30 AM to 2 PM,Sunday,Closed,97144257450,259,"https://www.google.com/maps/search/Mosqu/@25.32219485332902,55.15801460628913,14z?hl=en",,Dubai,18 16th St,Saifee Masjid (Dawoodi Bohra Masjid),saifee-masjid-dawoodi-bohra-masjid,saifee-masjid-dawoodi-bohra-masjid.jpg,4.9,https://www.google.com/maps/search/?api=1&query=Saifee%20Masjid%20(Dawoodi%20Bohra%20Masjid)&query_place_id=ChIJDVMIh7NDXz4RD4Q6jjSQUyQ,
TRUE,TRUE,FALSE,16 Street 32B - Al Barsha - Al Barsha 3 - Dubai - United Arab Emirates,Dubai,AE,250.928.517,551.983.984,Al Barsha - Al Barsha 3,,,,,,,,,,,,,,,"9,72E+16",219,"https://www.google.com/maps/search/Mosqu/@25.07406684999999,55.15801460628913,14z?hl=en",,Dubai,16 Street 32B,Saleh Bin Lahej Mosque,saleh-bin-lahej-mosque,saleh-bin-lahej-mosque.jpg,4.8,https://www.google.com/maps/search/?api=1&query=Saleh%20Bin%20Lahej%20Mosque&query_place_id=ChIJYc5O_XVsXz4Riq3xdIv7eaQ,
TRUE,TRUE,FALSE,X2MC+P3Q - Mina Jebel Ali - Jebel Ali Freezone - Dubai - United Arab Emirates,Dubai,AE,249.843.404,550.202.303,Mina Jebel Ali - Jebel Ali Freezone,Monday,Open 24 hours,Tuesday,Open 24 hours,Wednesday,Open 24 hours,Thursday,Open 24 hours,Friday,Open 24 hours,Saturday,Open 24 hours,Sunday,Open 24 hours,,57,"https://www.google.com/maps/search/Mosqu/@24.950002848335476,54.953303475156446,14z?hl=en",,Dubai,X2MC+P3Q,Jebe S Beach Masjid,jebe-s-beach-masjid,jebe-s-beach-masjid.jpg,4.8,https://www.google.com/maps/search/?api=1&query=Jebe%20S%20Beach%20Masjid&query_place_id=ChIJ833_mLgRXz4RoUra9LgkAs8,
TRUE,TRUE,FALSE,WX67+GFH - Dubai - United Arab Emirates,Dubai,AE,249.110.861,549.636.883,,,,,,,,,,,,,,,,,0,"https://www.google.com/maps/search/Mosqu/@24.950002848335476,54.953303475156446,14z?hl=en",,Dubai,WX67+GFH,Prayer Hall,prayer-hall-mosque,prayer-hall-mosque.jpg,,https://www.google.com/maps/search/?api=1&query=Prayer%20Hall&query_place_id=ChIJJd7qI94PXz4RRp132L0w1Ys,
TRUE,TRUE,FALSE,4 25 St - Za'abeel - Za'abeel 1 - Dubai - United Arab Emirates,Dubai,AE,252.236.546,552.995.277,Za'abeel - Za'abeel 1,Monday,Open 24 hours,Tuesday,Open 24 hours,Wednesday,Open 24 hours,Thursday,Open 24 hours,Friday,Open 24 hours,Saturday,Open 24 hours,Sunday,Open 24 hours,,951,"https://www.google.com/maps/search/Mosqu/@25.32219485332902,55.15801460628913,14z?hl=en",,Dubai,4 25 St,Grand Zabeel Mosque,grand-zabeel-mosque,grand-zabeel-mosque.jpg,4.9,https://www.google.com/maps/search/?api=1&query=Grand%20Zabeel%20Mosque&query_place_id=ChIJuYTmYcdCXz4R-Eh0p7Yx_lw,
TRUE,TRUE,FALSE,31 16th St - Jumeirah - Jumeirah 2 - Dubai - United Arab Emirates,Dubai,AE,252.024.467,552.443.548,Jumeirah - Jumeirah 2,,,,,,,,,,,,,,,,69,"https://www.google.com/maps/search/Mosqu/@25.198130851664505,55.22625165000002,14z?hl=en",,Dubai,31 16th St,Obaid bin Nasser Mosque,obaid-bin-nasser-mosque,obaid-bin-nasser-mosque.jpg,4.6,https://www.google.com/maps/search/?api=1&query=Obaid%20bin%20Nasser%20Mosque&query_place_id=ChIJycFnvBNCXz4RmL4Sv-6GVOc,
TRUE,TRUE,FALSE,34GX+RXW - Jumeirah Lake Towers - Dubai - United Arab Emirates,Dubai,AE,250.771.009,551.499.477,Jumeirah Lake Towers,Monday,5 AM to 9 PM,Tuesday,5 AM to 9 PM,Wednesday,5 AM to 9 PM,Thursday,5 AM to 9 PM,Friday,5 AM to 9 PM,Saturday,5 AM to 9 PM,Sunday,5 AM to 9 PM,,195,"https://www.google.com/maps/search/Mosqu/@25.07406684999999,55.15801460628913,14z?hl=en",,Dubai,34GX+RXW,Tiffany Mosque,tiffany-mosque,tiffany-mosque.jpg,4.7,https://www.google.com/maps/search/?api=1&query=Tiffany%20Mosque&query_place_id=ChIJ1aIGOqZsXz4Rv3b5A6bgnxE,
TRUE,TRUE,FALSE,W6V7+CRF - Dubai - United Arab Emirates,Dubai,AE,24.943.242,552.130.684,,,,,,,,,,,,,,,,,26,"https://www.google.com/maps/search/Mosqu/@24.82593884667096,55.22625165000002,14z?hl=en",,Dubai,W6V7+CRF,Dubai South Residential district Masjid,dubai-south-residential-district-masjid,dubai-south-residential-district-masjid.jpg,4.7,https://www.google.com/maps/search/?api=1&query=Dubai%20South%20Residential%20district%20Masjid&query_place_id=ChIJr9JvE2xzXz4R02oNdxdjsFs,
TRUE,TRUE,FALSE,44FF+WX2 - Al Mirziban - The Palm Jumeirah - Dubai - United Arab Emirates,Dubai,AE,251.247.737,551.248.897,The Palm Jumeirah,,,,,,,,,,,,,,,,604,"https://www.google.com/maps/search/Mosqu/@25.136098850832248,54.953303475156446,14z?hl=en",,Dubai,44FF+WX2 - Al Mirziban,Abdul Rahman Siddik Mosque,abdul-rahman-siddik-mosque,abdur-rahman-siddik-mosque.jpg,4.8,https://www.google.com/maps/search/?api=1&query=Abdul%20Rahman%20Siddik%20Mosque&query_place_id=ChIJoy02MSUVXz4RUMzID2bwJ_w,
TRUE,TRUE,FALSE,23 Al Maktoum Rd - Deira - Al Rigga - Dubai - United Arab Emirates,Dubai,AE,252.667.209,553.099.766,Deira - Al Rigga,Monday,Open 24 hours,Tuesday,Open 24 hours,Wednesday,Open 24 hours,Thursday,Open 24 hours,Friday,Open 24 hours,Saturday,Open 24 hours,Sunday,Open 24 hours,,69,"https://www.google.com/maps/search/Mosqu/@25.32219485332902,55.15801460628913,14z?hl=en",,Dubai,23 Al Maktoum Rd,Mosque in 23 Al Maktoum Rd,mosque-23-al-maktoum-rd,mosque-23-al-maktoum-rd.jpg,4.8,https://www.google.com/maps/search/?api=1&query=Mosque&query_place_id=ChIJlWJnf1lDXz4RA_ZrtXw4QL0,
TRUE,TRUE,FALSE,14 33b St - Deira - Al Sabkha - Dubai - United Arab Emirates,Dubai,AE,252.692.011,553.009.007,Deira - Al Sabkha,,,,,,,,,,,,,,,,10,"https://www.google.com/maps/search/Mosqu/@25.384226854161277,55.089777562578234,14z?hl=en",,Dubai,14 33b St,Belqubab mosque 187,belqubab-mosque-187,belqubab-mosque-187.jpg,4.8,https://www.google.com/maps/search/?api=1&query=Belqubab%20mosque%20187&query_place_id=ChIJ7xcSkBhDXz4RqiLhPYiQZJE,
,FALSE,FALSE,,Dubai,,,,,,,,,,,,,,,,,,,,,,,,,,mosque-alhambra-islamic-center-northridge-ca,,,,
TRUE,TRUE,FALSE,Third - 10 شارع ٢١ - Al Hamriya - Dubai - United Arab Emirates,Dubai,AE,252.571.097,553.014.673,Al Hamriya,,,,,,,,,,,,,,,,134,"https://www.google.com/maps/search/Mosqu/@25.384226854161277,55.089777562578234,14z?hl=en",,Dubai,Third - 10 شارع ٢١,Masjid Al Fatah,masjid-al-fatah-mosque,masjid-al-fatah.jpg,4.7,https://www.google.com/maps/search/?api=1&query=Masjid%20Al%20Fatah&query_place_id=ChIJ6XvI7jpDXz4RTXudcwiKB4Q,
TRUE,TRUE,FALSE,24CH+MGC Village - Jebel Ali Village - Dubai - United Arab Emirates,Dubai,AE,250.216.773,551.287.542,Jebel Ali Village,Monday,Open 24 hours,Tuesday,Open 24 hours,Wednesday,Open 24 hours,Thursday,Open 24 hours,Friday,Open 24 hours,Saturday,Open 24 hours,Sunday,Open 24 hours,,124,"https://www.google.com/maps/search/Mosqu/@25.136098850832248,54.953303475156446,14z?hl=en",,Dubai,24CH+MGC Village,Al Furjan West Mosque,al-furjan-west-mosque,al-furjan-west-mosque.jpg,4.8,https://www.google.com/maps/search/?api=1&query=Al%20Furjan%20West%20Mosque&query_place_id=ChIJKRCVt88SXz4RvmzVC4aDENg,
TRUE,TRUE,FALSE,Za'abeel - Za'abeel 2 - Dubai - United Arab Emirates,Dubai,AE,252.041.398,552.820.207,Za'abeel - Za'abeel 2,Monday,Open 24 hours,Tuesday,Open 24 hours,Wednesday,Open 24 hours,Thursday,Open 24 hours,Friday,Open 24 hours,Saturday,Open 24 hours,Sunday,Open 24 hours,,63,"https://www.google.com/maps/search/Mosqu/@25.32219485332902,55.15801460628913,14z?hl=en",,Dubai,,Shaikhah Mozah bint Saeed Al Maktoum Mosque,shaikhah-mozah-bint-saeed-al-maktoum-mosque,shaikhah-mozah-bint-saeed-al-maktoum-mosque.jpg,4.4,https://www.google.com/maps/search/?api=1&query=Shaikhah%20Mozah%20bint%20Saeed%20Al%20Maktoum%20Mosque&query_place_id=ChIJUWL5q4hDXz4RtFLoCCtKOvk,
TRUE,TRUE,FALSE,25VR+GPC - Jumeirah Village - Jumeirah Village Triangle - Dubai - United Arab Emirates,Dubai,AE,250.438.161,551.917.544,Jumeirah Village - Jumeirah Village Triangle,Monday,Open 24 hours,Tuesday,Open 24 hours,Wednesday,Open 24 hours,Thursday,Open 24 hours,Friday,Open 24 hours,Saturday,Open 24 hours,Sunday,Open 24 hours,,84,"https://www.google.com/maps/search/Mosqu/@25.07406684999999,55.15801460628913,14z?hl=en",,Dubai,25VR+GPC,JVT Masjid,jvt-masjid,jvt-masjid.jpg,4.8,https://www.google.com/maps/search/?api=1&query=JVT%20Masjid&query_place_id=ChIJfX6sSXJtXz4RT8HmTM55tEw,
TRUE,TRUE,FALSE,W6P9+99 - Dubai - United Arab Emirates,Dubai,AE,249.358.772,552.184.586,,Monday,Open 24 hours,Tuesday,Open 24 hours,Wednesday,Open 24 hours,Thursday,Open 24 hours,Friday,Open 24 hours,Saturday,Open 24 hours,Sunday,Open 24 hours,,2,"https://www.google.com/maps/search/Mosqu/@24.82593884667096,55.22625165000002,14z?hl=en",,Dubai,W6P9+99,ENOC Mosque,enoc-mosque,enoc-mosque.jpg,5,https://www.google.com/maps/search/?api=1&query=ENOC%20Mosque&query_place_id=ChIJtVF6a2BzXz4RttoVYCfucco,
TRUE,TRUE,FALSE,21 24B St - Al Wasl - Dubai - United Arab Emirates,Dubai,AE,251.918.919,55.250.238,Al Wasl,,,,,,,,,,,,,,,,83,"https://www.google.com/maps/search/Mosqu/@25.198130851664505,55.22625165000002,14z?hl=en",,Dubai,21 24B St,Masjid usman bin Affan,masjid-usman-bin-affan,masjid-usman-bin-affan.jpg,4.7,https://www.google.com/maps/search/?api=1&query=Masjid%20usman%20bin%20Affan%20%D9%85%D8%B3%D8%AC%D8%AF%20%D8%B0%D9%8A%20%D8%A7%D9%84%D9%86%D9%88%D8%B1%D9%8A%D9%86&query_place_id=ChIJp3TQBHVCXz4RZBCUdBf4oKg,
TRUE,TRUE,FALSE,X27X+QRQ - dp world camp street- - Dubai - United Arab Emirates,Dubai,AE,249.644.551,550.495.978,Mina Jebel Ali - Jebel Ali Freezone,Monday,4 AM to 11 PM,Tuesday,4 AM to 11 PM,Wednesday,4 AM to 11 PM,Thursday,4 AM to 11 PM,Friday,4 AM to 11 PM,Saturday,4 AM to 11 PM,Sunday,4 AM to 11 PM,,97,"https://www.google.com/maps/search/Mosqu/@25.136098850832248,54.953303475156446,14z?hl=en",,Dubai,X27X+QRQ - dp world camp street-,DP World Camp Mosque,dp-world-camp-mosque,dp-world-camp-mosque.jpg,4.6,https://www.google.com/maps/search/?api=1&query=DP%20World%20Camp%20Mosque&query_place_id=ChIJLzZti_0NXz4Ro-Cru1t2emc,
TRUE,TRUE,FALSE,11 67B St - Jumeirah - Jumeirah 1 - Dubai - United Arab Emirates,Dubai,AE,252.176.638,552.546.778,Jumeirah - Jumeirah 1,,,,,,,,,,,,,,,,55,"https://www.google.com/maps/search/Mosqu/@25.384226854161277,55.089777562578234,14z?hl=en",,Dubai,11 67B St,Qasim Ahmed Seddiqi Mosque,qasim-ahmed-seddiqi-mosque,qasim-ahmed-seddiqi-mosque.jpg,4.8,https://www.google.com/maps/search/?api=1&query=Qasim%20Ahmed%20Seddiqi%20Mosque&query_place_id=ChIJCUiYDURCXz4RxDaLbfPGOFg,
TRUE,TRUE,FALSE,X26X+7X9 - Mina Jebel Ali - Jebel Ali Freezone - Dubai - United Arab Emirates,Dubai,AE,249.606.513,550.499.798,Mina Jebel Ali - Jebel Ali Freezone,,,,,,,,,,,,,,,,67,"https://www.google.com/maps/search/Mosqu/@24.950002848335476,54.953303475156446,14z?hl=en",,Dubai,X26X+7X9,Jebel Ali Mosque 1,jebel-ali-mosque,jebel-ali-mosque-1.jpg,4.5,https://www.google.com/maps/search/?api=1&query=Jebel%20Ali%20Mosque%201&query_place_id=ChIJ9ZlKs-INXz4Rksz6aWiXzkw,
TRUE,TRUE,FALSE,Somalia Mosque - Deira - Al Murar - Dubai - United Arab Emirates,Dubai,AE,252.769.182,553.071.566,Deira - Al Murar,Monday,4:30 AM to 9 PM,Tuesday,4:30 AM to 9 PM,Wednesday,4:30 AM to 9 PM,Thursday,4:30 AM to 9 PM,Friday,4:30 AM to 9 PM,Saturday,4:30 AM to 9 PM,Sunday,4:30 AM to 9 PM,,104,"https://www.google.com/maps/search/Mosqu/@25.32219485332902,55.15801460628913,14z?hl=en",,Dubai,Somalia Mosque,Somalia Mosque,somalia-mosque,somalia-mosque.jpg,4.6,https://www.google.com/maps/search/?api=1&query=Somalia%20Mosque&query_place_id=ChIJR5WTPE5DXz4RhVXMwn27NKc,
TRUE,TRUE,FALSE,78XV+F54 - Al Mamzar - Dubai - United Arab Emirates,Dubai,AE,252.986.279,553.429.522,Al Mamzar,,,,,,,,,,,,,,,97146087777,71,"https://www.google.com/maps/search/Mosqu/@25.446258854993534,55.15801460628913,14z?hl=en",,Dubai,78XV+F54,Bin Dalmok Mosque,bin-dalmok-mosque,bin-dalmok-mosque.jpg,4.7,https://www.google.com/maps/search/?api=1&query=Bin%20Dalmok%20Mosque&query_place_id=ChIJTx_RFmJbXz4RT4H828NNWvk,
TRUE,TRUE,FALSE,7835+MJJ - 8th St - Umm Hurair 1 - Dubai - United Arab Emirates,Dubai,AE,252.542.145,553.090.237,Umm Hurair 1,,,,,,,,,,,,,,,,32,"https://www.google.com/maps/search/Mosqu/@25.384226854161277,55.089777562578234,14z?hl=en",,Dubai,7835+MJJ - 8th St,Umm Hurair 1 Central Mosque,umm-hurair-1-central-mosque,umm-hurair-1-central-mosque.jpg,4.7,https://www.google.com/maps/search/?api=1&query=Umm%20Hurair%201%20Central%20Mosque&query_place_id=ChIJdTycKCxDXz4RBDTvlYXIzPI,
TRUE,TRUE,FALSE,JVC - Jumeirah Village - Dubai - United Arab Emirates,Dubai,AE,250.710.266,552.111.193,Jumeirah Village,Monday,3 AM to 9 PM,Tuesday,3 AM to 9 PM,Wednesday,3 AM to 9 PM,Thursday,3 AM to 9 PM,Friday,3 AM to 9 PM,Saturday,3 AM to 9 PM,Sunday,3 AM to 9 PM,,53,"https://www.google.com/maps/search/Mosqu/@25.136098850832248,54.953303475156446,14z?hl=en",,Dubai,JVC,Abdullah Mohammad AlShirawi Mosque,abdullah-mohammad-alshirawi-mosque,abdullah-mohammad-alshirawi-mosque.jpg,4.8,https://www.google.com/maps/search/?api=1&query=%D8%AC%D8%A7%D9%85%D8%B9%20%D8%B9%D8%A8%D8%AF%D8%A7%D9%84%D9%84%D9%87%20%D9%85%D8%AD%D9%85%D8%AF%20%D8%A7%D9%84%D8%B4%D9%8A%D8%B1%D8%A7%D9%88%D9%8A%20Abdullah%20Mohammad%20AlShirawi%20Mosque&query_place_id=ChIJg8dopjBtXz4R8R1VuoUD0v4,
TRUE,TRUE,FALSE,27HC+JFF - Arabian Ranches 2 - Dubai - United Arab Emirates,Dubai,AE,250.290.654,552.711.691,Arabian Ranches 2,Monday,Open 24 hours,Tuesday,Open 24 hours,Wednesday,Open 24 hours,Thursday,Open 24 hours,Friday,Open 24 hours,Saturday,Open 24 hours,Sunday,Open 24 hours,"9,72E+16",42,"https://www.google.com/maps/search/Mosqu/@24.82593884667096,55.22625165000002,14z?hl=en",,Dubai,27HC+JFF,Arabian Ranches 2 Masjid - Mosque,arabian-ranches-2-masjid-mosque,arabian-ranches-2-masjid-mosque.jpg,4.8,https://www.google.com/maps/search/?api=1&query=Arabian%20Ranches%202%20Masjid%20-%20Mosque&query_place_id=ChIJoflLgmlxXz4RwHcamKhw58A,
TRUE,TRUE,FALSE,34MV+538 - شارع الممشى - Dubai Marina - Dubai - United Arab Emirates,Dubai,AE,250.829.006,551.426.906,Dubai Marina,,,,,,,,,,,,,,,,80,"https://www.google.com/maps/search/Mosqu/@25.07406684999999,55.15801460628913,14z?hl=en",,Dubai,34MV+538 - شارع الممشى,Marina Mosque /Masjid Dubai,marina-mosque-masjid-dubai,marina-mosque-dubai.jpg,4.8,https://www.google.com/maps/search/?api=1&query=Marina%20Mosque%20%2FMasjid%20Dubai&query_place_id=ChIJT75MHaoUXz4RB0_kI3HKnM4,
TRUE,TRUE,FALSE,X2MC+P47 - Mina Jebel Ali - Jebel Ali Freezone - Dubai - United Arab Emirates,Dubai,AE,249.842.826,550.203.031,Mina Jebel Ali - Jebel Ali Freezone,,,,,,,,,,,,,,,,3,"https://www.google.com/maps/search/Mosqu/@24.950002848335476,54.953303475156446,14z?hl=en",,Dubai,X2MC+P47,Jabel Ali hotel mosque,jabel-ali-hotel-mosque,jabel-ali-hotel-mosque.jpg,5,https://www.google.com/maps/search/?api=1&query=Jabel%20Ali%20hotel%20mosque&query_place_id=ChIJp7eVr1wRXz4Rwx3KgdtrJjQ,
TRUE,TRUE,FALSE,67FJ+8MQ - Back side of KFC and Hotel Nassima Royal - Sheikh Zayed Rd - Dubai - United Arab Emirates,Dubai,AE,252.233.281,552.817.255,Trade Centre - Trade Centre 1,Monday,Open 24 hours,Tuesday,Open 24 hours,Wednesday,Open 24 hours,Thursday,Open 24 hours,Friday,Open 24 hours,Saturday,Open 24 hours,Sunday,Open 24 hours,,24,"https://www.google.com/maps/search/Mosqu/@25.32219485332902,55.15801460628913,14z?hl=en",,Dubai,67FJ+8MQ - Back side of KFC and Hotel Nassima Royal - Sheikh Zayed Rd,Rashid and Fatima Mosque,rashid-fatima-mosque,rashid-fatima-mosque.jpg,4.8,https://www.google.com/maps/search/?api=1&query=Rashid%20and%20Fatima%20Mosque&query_place_id=ChIJ4R1u8e1CXz4ROYONA9Fl-EQ,
TRUE,TRUE,FALSE,"6th Street, Al Hamriya - 26 4b St - Al Hamriya - Dubai - United Arab Emirates",Dubai,AE,252.598.049,553.006.108,Al Hamriya,,,,,,,,,,,,,,,971800600,168,"https://www.google.com/maps/search/Mosqu/@25.384226854161277,55.089777562578234,14z?hl=en",,Dubai,"6th Street, Al Hamriya - 26 4b St",Al Salam mosque,al-salam-mosque,al-salam-mosque.jpg,4.7,https://www.google.com/maps/search/?api=1&query=Al%20Salam%20mosque&query_place_id=ChIJRWHc0jtDXz4RJUxjzX9NV_I,http://www.iacad.gov.ae/
TRUE,TRUE,FALSE,Hor Al Anz - Dubai - United Arab Emirates,Dubai,AE,252.735.226,553.318.901,Hor Al Anz,,,,,,,,,,,,,,,,230,"https://www.google.com/maps/search/Mosqu/@25.446258854993534,55.15801460628913,14z?hl=en",,Dubai,,"Yousef Baqer Masjid, Hor al Anz",yousef-baqer-masjid-hor-al-anz,yousef-baqer-masjid-hor-al-anz.jpg,4.6,https://www.google.com/maps/search/?api=1&query=Yousef%20Baqer%20Masjid%2C%20Hor%20al%20Anz&query_place_id=ChIJoUJupMBcXz4Rv2AIMbMiuJI,
TRUE,TRUE,FALSE,W297+M82 - Dubai - United Arab Emirates,Dubai,AE,249.191.304,550.132.757,,,,,,,,,,,,,,,,,7,"https://www.google.com/maps/search/Mosqu/@24.950002848335476,54.953303475156446,14z?hl=en",,Dubai,W297+M82,Prayer Legoland Men- Women,prayer-legoland-men-women,prayer-legoland-mosque-men-women.jpg,4.3,https://www.google.com/maps/search/?api=1&query=Prayer%20Legoland%20Men-%20Women&query_place_id=ChIJGbMsj_gOXz4RfRxU-oEap7U,
TRUE,TRUE,FALSE,Masjid Abdullah Ali Al-Chaafar - Jebel Ali Village - Discovery Gardens - Dubai - United Arab Emirates,Dubai,AE,250.462.591,551.341.387,Jebel Ali Village - Discovery Gardens,Monday,Open 24 hours,Tuesday,Open 24 hours,Wednesday,Open 24 hours,Thursday,Open 24 hours,Friday,Open 24 hours,Saturday,Open 24 hours,Sunday,Open 24 hours,,74,"https://www.google.com/maps/search/Mosqu/@25.136098850832248,54.953303475156446,14z?hl=en",,Dubai,Masjid Abdullah Ali Al-Chaafar,Masjid Abdullah Ali Al-Chaafar,masjid-abdullah-ali-al-chaafar,masjid-abdullah-ali-al-chaafar.jpg,4.7,https://www.google.com/maps/search/?api=1&query=Masjid%20Abdullah%20Ali%20Al-Chaafar&query_place_id=ChIJC7VYXrsTXz4R6hNkNF3cSU0,
TRUE,TRUE,FALSE,Street 1 D591 - Jebel Ali Village - The Gardens - Dubai - United Arab Emirates,Dubai,AE,250.472.873,551.287.719,Jebel Ali Village - The Gardens,,,,,,,,,,,,,,,,346,"https://www.google.com/maps/search/Mosqu/@25.07406684999999,55.15801460628913,14z?hl=en",,Dubai,Street 1 D591,Omar Bin Abdul Aziz Mosque,omar-bin-abdul-aziz-mosque,omar-bin-abdul-aziz-mosque.jpg,4.7,https://www.google.com/maps/search/?api=1&query=Omar%20Bin%20Abdul%20Aziz%20Mosque&query_place_id=ChIJ7Sas5TATXz4RrG7uCb9osCE,
TRUE,TRUE,FALSE,Villa 31 - Al Bada'a - Dubai - United Arab Emirates,Dubai,AE,252.336.156,5.527.409,Al Bada'a,,,,,,,,,,,,,,,,555,"https://www.google.com/maps/search/Mosqu/@25.384226854161277,55.089777562578234,14z?hl=en",,Dubai,Villa 31,Al futtaim Mosque,al-futtaim-mosque,al-futtaim-mosque.jpg,4.6,https://www.google.com/maps/search/?api=1&query=Al%20futtaim%20Mosque&query_place_id=ChIJuct-APxCXz4RopECnori3J4,
TRUE,TRUE,FALSE,V29G+FM2 - Saih Shuaib 2 - Dubai - United Arab Emirates,Dubai,AE,248.686.498,550.266.517,Saih Shuaib 2,Monday,Open 24 hours,Tuesday,Open 24 hours,Wednesday,Open 24 hours,Thursday,Open 24 hours,Friday,Open 24 hours,Saturday,Open 24 hours,Sunday,Open 24 hours,,22,"https://www.google.com/maps/search/Mosqu/@24.82593884667096,55.22625165000002,14z?hl=en",,Dubai,V29G+FM2,Mosque in V29G+FM2,mosque-v29g-fm2,mosque-in-v29g-fm2.jpg,4.7,https://www.google.com/maps/search/?api=1&query=Mosque&query_place_id=ChIJZ6-lmjgJXz4RIjDHACcdc9w,
TRUE,TRUE,FALSE,57QF+99C - Down Town Rd - Downtown Dubai - Dubai - United Arab Emirates,Dubai,AE,251.888.333,552.732.032,Downtown Dubai,Monday,Open 24 hours,Tuesday,Open 24 hours,Wednesday,Open 24 hours,Thursday,Open 24 hours,Friday,Open 24 hours,Saturday,Open 24 hours,Sunday,Open 24 hours,,88,"https://www.google.com/maps/search/Mosqu/@25.198130851664505,55.22625165000002,14z?hl=en",,Dubai,57QF+99C - Down Town Rd,Al Ghafoor Mosque,al-ghafoor-mosque,al-ghafoor-mosque.jpg,4.9,https://www.google.com/maps/search/?api=1&query=Al%20Ghafoor%20Mosque&query_place_id=ChIJ2YhEPoVpXz4RJYx2uPqwFtM,
TRUE,TRUE,FALSE,233M+CMQ - Mina Jebel Ali - Jebel Ali Freezone - Dubai - United Arab Emirates,Dubai,AE,250.036.537,550.841.594,Mina Jebel Ali - Jebel Ali Freezone,,,,,,,,,,,,,,,,2,"https://www.google.com/maps/search/Mosqu/@24.950002848335476,54.953303475156446,14z?hl=en",,Dubai,233M+CMQ,belhoul mosque,belhoul-mosque-dubai,belhoul-mosque.jpg,5,https://www.google.com/maps/search/?api=1&query=%D8%AF%D8%A8%D9%8A&query_place_id=ChIJjSKWayMTXz4RatihI7666_4,
,FALSE,FALSE,5 Street 1 - 5 Old Baladiya St - Deira - Al Sabkha - Dubai - United Arab Emirates,Dubai,AE,252.686.762,552.976.133,Deira - Al Sabkha,,,,,,,,,,,,,,,97146087777,48,"https://www.google.com/maps/search/Mosqu/@25.446258854993534,55.15801460628913,14z?hl=en",,Dubai,5 Street 1 - 5 Old Baladiya St,Belhoul Mosque,belhoul-mosque-dubai,,4.8,https://www.google.com/maps/search/?api=1&query=Belhoul%20Mosque&query_place_id=ChIJVwtXNUFDXz4RP_LbGlHtvyk,http://www.iacad.gov.ae/
TRUE,TRUE,FALSE,772X+C5G - Al Mankhool - Dubai - United Arab Emirates,Dubai,AE,252.510.702,552.979.643,Al Mankhool,,,,,,,,,,,,,,,,89,"https://www.google.com/maps/search/Mosqu/@25.32219485332902,55.15801460628913,14z?hl=en",,Dubai,772X+C5G,Mosque Burjuman,mosque-burjuman-dubai,mosque-burjuman.jpg,4.8,https://www.google.com/maps/search/?api=1&query=Mosque%20Burjuman&query_place_id=ChIJWXZKB4BDXz4Rid4ZugEsxH0,
TRUE,TRUE,FALSE,17 37th St - Jumeirah - Jumeirah 2 - Dubai - United Arab Emirates,Dubai,AE,251.960.095,552.446.675,Jumeirah - Jumeirah 2,,,,,,,,,,,,,,,,18,"https://www.google.com/maps/search/Mosqu/@25.198130851664505,55.22625165000002,14z?hl=en",,Dubai,17 37th St,Masjid Abdulrahman Bin,masjid-abdulrahman-bin,masjid-abdulrahman-bin-awf.jpg,4.6,https://www.google.com/maps/search/?api=1&query=%D9%85%D8%B3%D8%AC%D8%AF%20%D8%B9%D8%A8%D8%AF%D8%A7%D9%84%D8%B1%D8%AD%D9%85%D9%86%20%D8%A8%D9%86%20%D8%B9%D9%88%D9%81&query_place_id=ChIJjWYhUgxCXz4Rl44FpzRCl3k,
TRUE,TRUE,FALSE,Green Community Village - Dubai - United Arab Emirates,Dubai,AE,250.009.071,551.501.345,Green Community Village,Monday,Open 24 hours,Tuesday,Open 24 hours,Wednesday,Open 24 hours,Thursday,Open 24 hours,Friday,Open 24 hours,Saturday,Open 24 hours,Sunday,Open 24 hours,971800600,12,"https://www.google.com/maps/search/Mosqu/@25.136098850832248,54.953303475156446,14z?hl=en",,Dubai,,ADNOC Mosque | Dubai Investment Park (520),adnoc-mosque-dubai-investment-park-520,adnoc-mosque-dubai-investment-park-520.jpg,4.8,https://www.google.com/maps/search/?api=1&query=ADNOC%20Mosque%20%7C%20Dubai%20Investment%20Park%20(520)&query_place_id=ChIJRRrJqSBtXz4RoNhO6z5q-pc,http://www.iacad.gov.ae/
TRUE,TRUE,FALSE,X344+JRQ - Mina Jebel Ali - Jebel Ali Freezone - Dubai - United Arab Emirates,Dubai,AE,249.565.885,550.571.023,Mina Jebel Ali - Jebel Ali Freezone,,,,,,,,,,,,,,,,44,"https://www.google.com/maps/search/Mosqu/@24.950002848335476,54.953303475156446,14z?hl=en",,Dubai,X344+JRQ,New West Accommodation Mosque,new-west-accommodation-mosque,new-west-accommodation-mosque.jpg,4.2,https://www.google.com/maps/search/?api=1&query=New%20West%20Accommodation%20Mosque&query_place_id=ChIJmS6BjuYNXz4R3GT-ltsAmvY,
TRUE,TRUE,FALSE,276P+2W9 - Dubai - United Arab Emirates,Dubai,AE,250.100.378,552.873.575,,Monday,"5:15 to 6:30 AM, 12:10 to 1:10 PM, 3:20 to 4:05 PM, 6:10 to 8:05 PM",Tuesday,"5:15 to 6:30 AM, 12:10 to 1:10 PM, 3:20 to 4:05 PM, 6:10 to 8:05 PM",Wednesday,"5:15 to 6:30 AM, 12:10 to 1:10 PM, 3:20 to 4:05 PM, 6:10 to 8:05 PM",Thursday,"5:15 to 6:30 AM, 12:10 to 1:10 PM, 3:20 to 4:05 PM, 6:10 to 8:05 PM",Friday,"5:15 to 6:30 AM, 3:20 to 4:05 PM, 6:10 to 8:05 PM",Saturday,"5:15 to 6:30 AM, 12:10 to 1:10 PM, 3:20 to 4:05 PM, 6:10 to 8:05 PM",Sunday,"5:15 to 6:30 AM, 12:10 to 1:10 PM, 3:20 to 4:05 PM, 6:10 to 8:05 PM",,12,"https://www.google.com/maps/search/Mosqu/@24.82593884667096,55.22625165000002,14z?hl=en",,Dubai,276P+2W9,Town Square Masjid,town-square-masjid,town-square-masjid.jpg,4.9,https://www.google.com/maps/search/?api=1&query=Town%20Square%20Masjid&query_place_id=ChIJgf6N7LBxXz4RshV8CaJYR2Y,http://nshama.ae/
TRUE,TRUE,FALSE,16 45A St - Al Karama - Dubai - United Arab Emirates,Dubai,AE,252.392.266,552.989.618,Al Karama,,,,,,,,,,,,,,,,39,"https://www.google.com/maps/search/Mosqu/@25.446258854993534,55.15801460628913,14z?hl=en",,Dubai,16 45A St,Mosque in 16 45A St,mosque-16-45a-st,mosque-in-16-45a-st.jpg,4.8,https://www.google.com/maps/search/?api=1&query=Mosque&query_place_id=ChIJK4LS4dtCXz4R7_0XdJ9puZ8,
TRUE,TRUE,FALSE,359F+FGF - Lailak 3rd St - Emirates Hills - Dubai - United Arab Emirates,Dubai,AE,250.686.847,551.737.915,Emirates Hills,Monday,5 AM to 9 PM,Tuesday,5 AM to 9 PM,Wednesday,5 AM to 9 PM,Thursday,5 AM to 9 PM,Friday,5 AM to 9 PM,Saturday,5 AM to 9 PM,Sunday,5 AM to 9 PM,,82,"https://www.google.com/maps/search/Mosqu/@25.07406684999999,55.15801460628913,14z?hl=en",,Dubai,359F+FGF - Lailak 3rd St,Masood Naqvi Mosque,masood-naqvi-mosque,masood-naqvi-mosque.jpg,4.8,https://www.google.com/maps/search/?api=1&query=Masood%20Naqvi%20Mosque&query_place_id=ChIJKaDDV4xsXz4RCNUAxJNj5sM,http://www.emaar.com/
TRUE,TRUE,FALSE,27GF+RP6 - The Sustainable City - Dubai - United Arab Emirates,Dubai,AE,250.270.455,552.742.697,The Sustainable City,Monday,5 AM to 10 PM,Tuesday,5 AM to 10 PM,Wednesday,5 AM to 10 PM,Thursday,5 AM to 10 PM,Friday,5 AM to 10 PM,Saturday,5 AM to 10 PM,Sunday,5 AM to 10 PM,"9,72E+16",33,"https://www.google.com/maps/search/Mosqu/@24.82593884667096,55.22625165000002,14z?hl=en",,Dubai,27GF+RP6,Al MADINAH AL MUSTADAMA MASJID,al-madinah-al-mustadama-masjid,al-madinah-al-mustadama-masjid.jpg,4.9,https://www.google.com/maps/search/?api=1&query=Al%20MADINAH%20AL%20MUSTADAMA%20MASJID&query_place_id=ChIJ6wgAwCtwXz4RjK6Uh9o08Fg,
TRUE,TRUE,FALSE,138 18c St - Al Satwa - Dubai - United Arab Emirates,Dubai,AE,252.111.841,552.665.595,Al Satwa,,,,,,,,,,,,,,,,35,"https://www.google.com/maps/search/Mosqu/@25.198130851664505,55.22625165000002,14z?hl=en",,Dubai,138 18c St,Ahmed Bin Jursh Mosque,ahmed-bin-jursh-mosque,ahmed-bin-jursh-mosque.jpg,4.8,https://www.google.com/maps/search/?api=1&query=Ahmed%20Bin%20Jursh%20Mosque%20-%20%D9%85%D8%B3%D8%AC%D8%AF%20%D8%A3%D8%AD%D9%85%D8%AF%20%D8%A8%D9%86%20%D8%AC%D8%B1%D8%B4&query_place_id=ChIJGcwhbWFCXz4R-sImw4K0Jvw,http://www.iacad.gov.ae/
TRUE,TRUE,FALSE,"Deira, Masjid Al Mamzar Mosque - 102 Al Khaleej St - Al Mamzar - Dubai - United Arab Emirates",Dubai,AE,253.125.331,553.417.422,Al Mamzar,,,,,,,,,,,,,,,971800600,264,"https://www.google.com/maps/search/Mosqu/@25.446258854993534,55.15801460628913,14z?hl=en",,Dubai,"Deira, Masjid Al Mamzar Mosque - 102 Al Khaleej St",Al Mamzar Masjid,al-mamzar-masjid,al-mamzar-masjid.jpg,4.8,https://www.google.com/maps/search/?api=1&query=Al%20Mamzar%20Masjid&query_place_id=ChIJ__8_VGlbXz4RdBMyLAHh78w,
,FALSE,FALSE,,Dubai,,,,,,,,,,,,,,,,,,,,,,,,,,mosque-alhambra-california,,,,
,FALSE,FALSE,,Dubai,,,,,,,,,,,,,,,,,,,,,,,,,,mosque-alharam-makkah,,,,
TRUE,TRUE,FALSE,25X8+7XW - Dubai - United Arab Emirates,Dubai,AE,250.482.366,551.674.673,,,,,,,,,,,,,,,,,84,"https://www.google.com/maps/search/Mosqu/@25.07406684999999,55.15801460628913,14z?hl=en",,Dubai,25X8+7XW,Jumeirah Park Mosque,jumeirah-park-mosque,jumeirah-park-mosque.jpg,4.8,https://www.google.com/maps/search/?api=1&query=Jumeirah%20Park%20Mosque&query_place_id=ChIJs5whIRltXz4RgG4OOA4BG4w,
TRUE,TRUE,FALSE,18 93rd St - Al Bada'a - Dubai - United Arab Emirates,Dubai,AE,252.114.309,552.604.088,Al Bada'a,,,,,,,,,,,,,,,,17,"https://www.google.com/maps/search/Mosqu/@25.198130851664505,55.22625165000002,14z?hl=en",,Dubai,18 93rd St,AFRA JUMAA ABDULLAH ALAMLAH MASJID - 870,afra-jumaa-abdullah-alamlah-masjid-870,afra-jumaa-abdullah-alamlah-masjid-870.jpg,4.7,https://www.google.com/maps/search/?api=1&query=AFRA%20JUMAA%20ABDULLAH%20ALAMLAH%20MASJID%20-%20870&query_place_id=ChIJMSfzlhhDXz4RnaBParPL668,
TRUE,TRUE,FALSE,W2RR+GV7 - Sheikh Zayed Rd - Mina Jebel Ali - Dubai - United Arab Emirates,Dubai,AE,24.941.274,550.421.204,Mina Jebel Ali,,,,,,,,,,,,,,,,1,"https://www.google.com/maps/search/Mosqu/@24.950002848335476,54.953303475156446,14z?hl=en",,Dubai,W2RR+GV7 - Sheikh Zayed Rd,Prayer Room / Mosque,prayer-room-mosque,prayer-room-mosque.jpg,5,https://www.google.com/maps/search/?api=1&query=Prayer%20Room%20%2F%20Mosque&query_place_id=ChIJvaJMt-kPXz4RfV0lZWBfr4w,
TRUE,TRUE,FALSE,34HP+X7C - Dubai Marina - Dubai - United Arab Emirates,Dubai,AE,250.799.486,55.135.635,Dubai Marina,,,,,,,,,,,,,,,"9,72E+16",146,"https://www.google.com/maps/search/Mosqu/@25.136098850832248,54.953303475156446,14z?hl=en",,Dubai,34HP+X7C,Musabbeh Al-Fattan Mosque,musabbeh-al-fattan-mosque,musabbeh-al-fattan-mosque.jpg,4.8,https://www.google.com/maps/search/?api=1&query=Musabbeh%20Al-Fattan%20Mosque&query_place_id=ChIJp9X0GqsUXz4R_7HIrvzNvpY,
TRUE,TRUE,FALSE,346V+5HM - Fayha Cir - Jumeirah Islands - Jumeirah Heights - Dubai - United Arab Emirates,Dubai,AE,250.604.598,551.439.327,Jumeirah Islands - Jumeirah Heights,,,,,,,,,,,,,,,97146087777,382,"https://www.google.com/maps/search/Mosqu/@25.07406684999999,55.15801460628913,14z?hl=en",,Dubai,346V+5HM - Fayha Cir,Masjid Bani Hashim,masjid-bani-hashim,masjid-bani-hashim.jpg,4.9,https://www.google.com/maps/search/?api=1&query=Masjid%20Bani%20Hashim&query_place_id=ChIJGX6UZbZsXz4RBzfceLAZknU,http://www.iacad.gov.ae/
TRUE,TRUE,FALSE,667X+8C2 - Jumeria Rd - Dubai - United Arab Emirates,Dubai,AE,252.132.631,552.485.078,Jumeirah - Jumeirah 1,,,,,,,,,,,,,,,,27,"https://www.google.com/maps/search/Mosqu/@25.198130851664505,55.22625165000002,14z?hl=en",,Dubai,667X+8C2 - Jumeria Rd,Hissa Bint Almur Mosque,hissa-bint-almur-mosque,hissa-bint-almur-mosque.jpg,4.6,https://www.google.com/maps/search/?api=1&query=Hissa%20Bint%20Almur%20Mosque&query_place_id=ChIJCRnkhUBCXz4RqO3BSQ3XohY,
TRUE,TRUE,FALSE,2453+WG8 - Mina Jebel Ali - Jabal Ali Industrial First - Dubai - United Arab Emirates,Dubai,AE,250.097.907,551.038.313,Mina Jebel Ali - Jabal Ali Industrial First,,,,,,,,,,,,,,,,11,"https://www.google.com/maps/search/Mosqu/@24.950002848335476,54.953303475156446,14z?hl=en",,Dubai,2453+WG8,Handalh Bin Abi Amer Masjid,handalh-bin-abi-amer-masjid,handalh-bin-abi-amer-masjid.jpg,4.7,https://www.google.com/maps/search/?api=1&query=Handalh%20Bin%20Abi%20Amer%20Masjid&query_place_id=ChIJdUUQcvISXz4RaY_SdNP0Hwo,
TRUE,TRUE,FALSE,28 Street 49B - Al Barsha - Al Barsha 2 - Dubai - United Arab Emirates,Dubai,AE,250.934.508,552.079.005,Al Barsha - Al Barsha 2,Monday,4:30 AM to 10 PM,Tuesday,4:30 AM to 10 PM,Wednesday,4:30 AM to 10 PM,Thursday,4:30 AM to 10 PM,Friday,4:30 AM to 10 PM,Saturday,4:30 AM to 10 PM,Sunday,4:30 AM to 10 PM,,37,"https://www.google.com/maps/search/Mosqu/@25.136098850832248,54.953303475156446,14z?hl=en",,Dubai,28 Street 49B,Al Ihsan Mosque,al-ihsan-mosque,al-ihsan-mosque.jpg,4.9,https://www.google.com/maps/search/?api=1&query=Al%20Ihsan%20Mosque&query_place_id=ChIJYy05SwpsXz4RZojjxK0XjpI,
TRUE,TRUE,FALSE,34FJ+JVJ - Beach Walk - Dubai - United Arab Emirates,Dubai,AE,250.740.857,551.321.342,Dubai Marina,,,,,,,,,,,,,,,,49,"https://www.google.com/maps/search/Mosqu/@25.136098850832248,54.953303475156446,14z?hl=en",,Dubai,34FJ+JVJ - Beach Walk,JBR Mosque,jbr-mosque,jbr-mosque.jpg,4.7,https://www.google.com/maps/search/?api=1&query=JBR%20Mosque&query_place_id=ChIJD9TrblYTXz4Rl_UYcC3Hepk,
TRUE,TRUE,FALSE,3574+6RM - 1st Rd - Dubai - United Arab Emirates,Dubai,AE,250.630.829,551.570.481,,,,,,,,,,,,,,,,,83,"https://www.google.com/maps/search/Mosqu/@25.07406684999999,55.15801460628913,14z?hl=en",,Dubai,3574+6RM - 1st Rd,Al Wahhab Mosque,al-wahhab-mosque,al-wahhab-mosque.jpg,4.8,https://www.google.com/maps/search/?api=1&query=Al%20Wahhab%20Mosque&query_place_id=ChIJbf0xoL9sXz4RjwLDBB3irOs,
TRUE,TRUE,FALSE,3 Al Khwaher St - Jumeirah - Jumeirah 3 - Dubai - United Arab Emirates,Dubai,AE,251.922.333,552.320.712,Jumeirah - Jumeirah 3,,,,,,,,,,,,,,,,18,"https://www.google.com/maps/search/Mosqu/@25.198130851664505,55.22625165000002,14z?hl=en",,Dubai,3 Al Khwaher St,Ahmad Al Attar Mosque,ahmad-al-attar-mosque,ahmad-al-attar-mosque.jpg,5,https://www.google.com/maps/search/?api=1&query=Ahmad%20Al%20Attar%20Mosque&query_place_id=ChIJkSyTDfhDXz4RTAYiP_pbFh8,
TRUE,TRUE,FALSE,Mosque - 1A St - The Greens - Dubai - United Arab Emirates,Dubai,AE,250.934.972,5.516.779,The Greens,,,,,,,,,,,,,,,,129,"https://www.google.com/maps/search/Mosqu/@25.07406684999999,55.15801460628913,14z?hl=en",,Dubai,Mosque - 1A St,Greens Mosque,greens-mosque,green-mosque.jpg,4.6,https://www.google.com/maps/search/?api=1&query=Greens%20Mosque%20%D9%85%D8%B3%D8%AC%D8%AF%20%D8%A7%D9%84%D8%B4%D8%B1%D8%A8%D8%AA%D9%84%D9%8A&query_place_id=ChIJNcJbo2VrXz4RA9g1jbPqIL4,
TRUE,TRUE,FALSE,665V+X8J - Jumeirah - JumeirahJumeirah 2 - Dubai - United Arab Emirates,Dubai,AE,25.209.954,55.243.259,Jumeirah - JumeirahJumeirah 2,Monday,Open 24 hours,Tuesday,Open 24 hours,Wednesday,Open 24 hours,Thursday,Open 24 hours,Friday,Open 24 hours,Saturday,Open 24 hours,Sunday,Open 24 hours,,0,"https://www.google.com/maps/search/Mosqu/@25.198130851664505,55.22625165000002,14z?hl=en",,Dubai,665V+X8J,ALI BIN SALEM AL ADEDI MASJID,ali-bin-salem-al-adedi-masjid,ali-bin-salem-al-adedi-masjid.jpg,,https://www.google.com/maps/search/?api=1&query=ALI%20BIN%20SALEM%20AL%20ADEDI%20MASJID&query_place_id=ChIJDwazHpdDXz4RnKyBuj2W5yk,
TRUE,TRUE,FALSE,Al Yalayis 5 - Jebel Ali - Lehbab Rd - Dubai - United Arab Emirates,Dubai,AE,249.554.651,5.527.875,,,,,,,,,,,,,,,,,37,"https://www.google.com/maps/search/Mosqu/@24.88797084750322,55.22625165000002,14z?hl=en",,Dubai,Al Yalayis 5 - Jebel Ali - Lehbab Rd,Al Sahabah Masjid / Mosque,al-sahabah-masjid-mosque,al-sahabah-masjid.jpg,4.8,https://www.google.com/maps/search/?api=1&query=Al%20Sahabah%20Masjid%20%2F%20Mosque&query_place_id=ChIJNQ3Yzw9xXz4R4MM4IW_1Zsw,
TRUE,TRUE,FALSE,W6V7+CRF - Dubai - United Arab Emirates,Dubai,AE,249.431.885,552.136.316,,,,,,,,,,,,,,,,,7,"https://www.google.com/maps/search/Mosqu/@24.88797084750322,55.22625165000002,14z?hl=en",,Dubai,W6V7+CRF,Dubai South Mosque Near Round About,dubai-south-mosque-near-round-about,dubai-south-mosque-near-round-about.jpg,3.7,https://www.google.com/maps/search/?api=1&query=Dubai%20South%20Mosque%20Near%20Round%20About&query_place_id=ChIJBbwyj0pzXz4RNh4uHjWS2W8,
TRUE,TRUE,FALSE,V5R2+2XQ Al Maktoum - Dubai South - Dubai - United Arab Emirates,Dubai,AE,248.900.804,551.524.847,Dubai South,,,,,,,,,,,,,,,,33,"https://www.google.com/maps/search/Mosqu/@24.88797084750322,55.22625165000002,14z?hl=en",,Dubai,V5R2+2XQ Al Maktoum,Al Maktoum Airport Mosque,al-maktoum-airport-mosque,al-maktoum-airport-mosque.jpg,4.8,https://www.google.com/maps/search/?api=1&query=Al%20Maktoum%20Airport%20Mosque&query_place_id=ChIJv7hmnsZ0Xz4R4B5GMfO2Xpg,
TRUE,TRUE,FALSE,Dubai Investment Park - 1 - Dubai - United Arab Emirates,Dubai,AE,249.708.661,551.680.455,Dubai Investments Park,,,,,,,,,,,,,,,,87,"https://www.google.com/maps/search/Mosqu/@24.88797084750322,55.22625165000002,14z?hl=en",,Dubai,Dubai Investment Park - 1,Masjid Tayyab Mohammed Ibrahim (Mosque),masjid-tayyab-mohammed-ibrahim-mosque,masjid-tayyab-mohammed-ibrahim-mosque.jpg,4.7,https://www.google.com/maps/search/?api=1&query=Masjid%20Tayyab%20Mohammed%20Ibrahim%20(Mosque)&query_place_id=ChIJQQLYeeVyXz4RPVM4D3rDRM4,
TRUE,TRUE,FALSE,Sh Mohammed Bin Zayed Rd 1 2 (Non-Stop - Dubai - United Arab Emirates,Dubai,AE,250.588.977,552.657.167,,,,,,,,,,,,,,,,,30,"https://www.google.com/maps/search/Mosqu/@24.88797084750322,55.22625165000002,14z?hl=en",,Dubai,Sh Mohammed Bin Zayed Rd 1 2 (Non-Stop,Al Kawther Masjid,al-kawther-masjid,al-kawther-masjid.jpg,4.9,https://www.google.com/maps/search/?api=1&query=Al%20Kawther%20Masjid&query_place_id=ChIJq9chFrRvXz4RDOn2milkK7k,
TRUE,TRUE,FALSE,56 14A St - Al Barsha - Al Barsha 3 - Dubai - United Arab Emirates,Dubai,AE,250.999.978,551.911.209,Al Barsha - Al Barsha 3,,,,,,,,,,,,,,,,48,"https://www.google.com/maps/search/Mosqu/@25.07406684999999,55.15801460628913,14z?hl=en",,Dubai,56 14A St,Mariam Mosque,mariam-mosque,mariam-mosque.jpg,4.9,https://www.google.com/maps/search/?api=1&query=Mariam%20Mosque&query_place_id=ChIJG4cWEoVrXz4R_IB1LBMB1XI,
,FALSE,FALSE,27P4+WX8 - Arabian Ranches - Dubai - United Arab Emirates,Dubai,AE,25.037.293,552.574.633,Arabian Ranches,,,,,,,,,,,,,,,97146087777,40,"https://www.google.com/maps/search/Mosqu/@24.88797084750322,55.22625165000002,14z?hl=en",,Dubai,27P4+WX8,Masjid Salam,masjid-salam,masjid-salam.jpg,4.8,https://www.google.com/maps/search/?api=1&query=Masjid%20Salam&query_place_id=ChIJXZTiyDpuXz4R-QqxE7YHs-c,
TRUE,TRUE,FALSE,Dubai Investment Park - 2 - Dubai - United Arab Emirates,Dubai,AE,249.864.127,551.982.602,Dubai Investments Park,,,,,,,,,,,,,,,,28,"https://www.google.com/maps/search/Mosqu/@24.88797084750322,55.22625165000002,14z?hl=en",,Dubai,Dubai Investment Park - 2,Jama Masjid Madani (Ahl E Sunnat Wa Jamat Hanafi Barelvi),jama-masjid-madani-ahl-e-sunnat-wa-jamat-hanafi-barelvi,jama-masjid-madani-ahl-e-sunnat-wa-jamat-hanafi-barelvi-mosque.jpg,4.5,https://www.google.com/maps/search/?api=1&query=Jama%20Masjid%20Madani%20(Ahl%20E%20Sunnat%20Wa%20Jamat%20Hanafi%20Barelvi)&query_place_id=ChIJiSPU2ENyXz4RsGs2KKOTtjs,
TRUE,TRUE,FALSE,34HC+GQ7 - Unnamed Road - Bluewaters Island - Dubai - United Arab Emirates,Dubai,AE,250.787.829,551.219.082,Bluewaters Island,,,,,,,,,,,,,,,,54,"https://www.google.com/maps/search/Mosqu/@25.07406684999999,55.15801460628913,14z?hl=en",,Dubai,34HC+GQ7 - Unnamed Road,Masjid Tasamah,masjid-tasamah,masjid-tasamah.jpg,4.7,https://www.google.com/maps/search/?api=1&query=Masjid%20Tasamah&query_place_id=ChIJHQtyIRAVXz4Rp_O0WsAsYbo,
TRUE,TRUE,FALSE,W6XC+6WH - Unnamed Road - Dubai - United Arab Emirates,Dubai,AE,249.480.687,552.223.698,,,,,,,,,,,,,,,,,5,"https://www.google.com/maps/search/Mosqu/@24.88797084750322,55.22625165000002,14z?hl=en",,Dubai,W6XC+6WH - Unnamed Road,Dubai South Mosque Near Round About,dubai-south-mosque-near-round-about,dubai-south-mosque-near-round-about.jpg,4.6,https://www.google.com/maps/search/?api=1&query=%D9%85%D8%B3%D8%AC%D8%AF%20%D8%AF%D8%A8%D9%8A%20%D8%AC%D9%86%D9%88%D8%A8&query_place_id=ChIJxcAviipzXz4RkvYBgMMw-C8,
TRUE,TRUE,FALSE,Dubai Investment Park - 1 - Dubai - United Arab Emirates,Dubai,AE,249.800.358,551.556.715,Dubai Investments Park,,,,,,,,,,,,,,,,29,"https://www.google.com/maps/search/Mosqu/@24.88797084750322,55.22625165000002,14z?hl=en",,Dubai,Dubai Investment Park - 1,AL MUJAMA MASJID,al-mujama-masjid-mosque,al-mujama-masjid.jpg,4.6,https://www.google.com/maps/search/?api=1&query=AL%20MUJAMA%20MASJID&query_place_id=ChIJvWAhFb9yXz4RszDZYSu4V84,
TRUE,TRUE,FALSE,"D591, 247 - Jebel Ali Village - Discovery Gardens - Dubai - United Arab Emirates",Dubai,AE,250.280.195,55.157.402,Jebel Ali Village - Discovery Gardens,,,,,,,,,,,,,,,,65,"https://www.google.com/maps/search/Mosqu/@24.88797084750322,55.22625165000002,14z?hl=en",,Dubai,"D591, 247",AL SABIREEN MASJID,al-sabireen-masjid,al-sabireen-masjid.jpg,4.9,https://www.google.com/maps/search/?api=1&query=AL%20SABIREEN%20MASJID&query_place_id=ChIJAULrADhtXz4R4q7R7VQMb_0,
TRUE,TRUE,FALSE,36MP+C4P - Al Barsha - Al Barsha South - Dubai - United Arab Emirates,Dubai,AE,250.835.934,552.353.194,Al Barsha - Al Barsha South,,,,,,,,,,,,,,,971800600,109,"https://www.google.com/maps/search/Mosqu/@24.88797084750322,55.22625165000002,14z?hl=en",,Dubai,36MP+C4P,Eida bint Mubarak Mosque,eida-bint-mubarak-mosque,eida-bint-mubarak-mosque.jpg,4.9,https://www.google.com/maps/search/?api=1&query=Eida%20bint%20Mubarak%20Mosque&query_place_id=ChIJ61SglqJuXz4Rf3cdpa2ISjU,
TRUE,TRUE,FALSE,Dubai - United Arab Emirates,Dubai,AE,24.926.409,550.064.665,,Monday,Open 24 hours,Tuesday,Open 24 hours,Wednesday,Open 24 hours,Thursday,Open 24 hours,Friday,Open 24 hours,Saturday,Open 24 hours,Sunday,Open 24 hours,,0,"https://www.google.com/maps/search/Mosqu/@24.950002848335476,54.953303475156446,14z?hl=en",,Dubai,,Prayer Room,prayer-room-mosque,prayer-room-mosque.jpg,,https://www.google.com/maps/search/?api=1&query=Prayer%20Room&query_place_id=ChIJ5ZBUSucPXz4RDVQ0G5zcxAI,
TRUE,TRUE,FALSE,275X+2WV - Dubai - United Arab Emirates,Dubai,AE,250.076.137,552.998.026,,,,,,,,,,,,,,,,,39,"https://www.google.com/maps/search/Mosqu/@24.88797084750322,55.22625165000002,14z?hl=en",,Dubai,275X+2WV,Mira Prayer Hall,mira-prayer-hall-mosque,mira-prayer-hall-mosque.jpg,4.6,https://www.google.com/maps/search/?api=1&query=Mira%20Prayer%20Hall&query_place_id=ChIJ1aycEW9wXz4RJlhQ_gxl-v0,
TRUE,TRUE,FALSE,109 Sheikh Zayed Rd - Trade Centre - DIFC - Dubai - United Arab Emirates,Dubai,AE,252.093.417,552.777.938,Trade Centre - DIFC,Monday,11 AM to 10 PM,Tuesday,11 AM to 10 PM,Wednesday,11 AM to 10 PM,Thursday,11 AM to 10 PM,Friday,11 AM to 10 PM,Saturday,11 AM to 10 PM,Sunday,11 AM to 10 PM,,14,"https://www.google.com/maps/search/Mosqu/@25.198130851664505,55.22625165000002,14z?hl=en",,Dubai,109 Sheikh Zayed Rd,Financial Center Mosque,financial-center-mosque,financial-center-mosque.jpg,4.4,https://www.google.com/maps/search/?api=1&query=%D9%85%D8%B3%D8%AC%D8%AF%20%D8%A7%D9%84%D9%85%D8%B1%D9%83%D8%B2%20%D8%A7%D9%84%D9%85%D8%A7%D9%84%D9%8A&query_place_id=ChIJsfIiT8ZDXz4RTyWbcEXBv_Q,
TRUE,TRUE,FALSE,57WJ+Q3H - Downtown Dubai - Dubai - United Arab Emirates,Dubai,AE,251.969.291,552.802.283,Downtown Dubai,,,,,,,,,,,,,,,,112,"https://www.google.com/maps/search/Mosqu/@25.198130851664505,55.22625165000002,14z?hl=en",,Dubai,57WJ+Q3H,Dubai Mall Mosque,dubai-mall-mosque,dubai-mall-mosque.jpg,4.7,https://www.google.com/maps/search/?api=1&query=Dubai%20Mall%20Mosque&query_place_id=ChIJUydZZcNpXz4RZPvVj5QTHXY,
TRUE,TRUE,FALSE,45B St - Al Satwa - Dubai - United Arab Emirates,Dubai,AE,25.219.578,552.747.006,Al Satwa,,,,,,,,,,,,,,,,248,"https://www.google.com/maps/search/Mosqu/@25.198130851664505,55.22625165000002,14z?hl=en",,Dubai,45B St,Obai Bin Kaab Mosque 54,obai-bin-kaab-mosque-54,obai-bin-kaab-mosque-54.jpg,4.8,https://www.google.com/maps/search/?api=1&query=Obai%20Bin%20Kaab%20Mosque%2054&query_place_id=ChIJmQpEmfRCXz4RQrsnf406kSQ,
TRUE,TRUE,FALSE,41st St - Al Satwa - Dubai - United Arab Emirates,Dubai,AE,252.224.484,55.270.857,Al Satwa,,,,,,,,,,,,,,,,299,"https://www.google.com/maps/search/Mosqu/@25.198130851664505,55.22625165000002,14z?hl=en",,Dubai,41st St,Khadri Mosque,khadri-mosque-islamabad-pakistan,khadri-mosque.jpg,4.6,https://www.google.com/maps/search/?api=1&query=Khadri%20Mosque&query_place_id=ChIJDQbfGfZCXz4Rcu83t8pq7GI,https://moovitapp.com/index/en/public_transit-Khadri_Mosque_Bus_Stop-Dubai_Abu_Dhabi-site_37323996-3824
,FALSE,FALSE,,Dubai,,,,,,,,,,,,,,,,,,,,,,,,,,mosque-alharam-makkah,,,,
TRUE,TRUE,FALSE,JVC - Dubai - United Arab Emirates,Dubai,AE,25.052.595,552.087.675,Jumeirah Village,Monday,Open 24 hours,Tuesday,Open 24 hours,Wednesday,Open 24 hours,Thursday,Open 24 hours,Friday,Open 24 hours,Saturday,Open 24 hours,Sunday,Open 24 hours,,228,"https://www.google.com/maps/search/Mosqu/@25.07406684999999,55.15801460628913,14z?hl=en",,Dubai,JVC,JVC Masjid - Masjid Fatma Al Sayed Mohammad Yousuf Sharaf,jvc-masjid-fatma-al-sayed-mohammad-yousuf-sharaf,jvc-masjid-fatma-al-sayed-mohammad-yousuf-sharaf.jpg,4.9,https://www.google.com/maps/search/?api=1&query=JVC%20Masjid%20-%20Masjid%20Fatma%20Al%20Sayed%20Mohammad%20Yousuf%20Sharaf%20(%D9%85%D8%B3%D8%AC%D8%AF%20%D9%81%D8%A7%D8%B7%D9%85%D9%87%20%D8%A7%D9%84%D8%B3%D9%8A%D8%AF%20%D9%85%D8%AD%D9%85%D8%AF%20%D9%8A%D9%88%D8%B3%D9%81%20%D8%B4%D8%B1%D9%81)%E2%80%8E&query_place_id=ChIJI0ItpuxtXz4RVaTQb7MVhg8,
FALSE,FALSE,FALSE,36C6+CJC - Mu'allaqat، Mu'allaqat Blvd - Dubai - United Arab Emirates,Dubai,AE,250.710.607,552.115.009,Jumeirah Village,,,,,,,,,,,,,,,,165,"https://www.google.com/maps/search/Mosqu/@25.07406684999999,55.15801460628913,14z?hl=en",,Dubai,36C6+CJC - Mu'allaqat، Mu'allaqat Blvd,Masjid JVC,masjid-jvc-mosque,masjid-jvc.jpg,4.5,https://www.google.com/maps/search/?api=1&query=Masjid%20JVC&query_place_id=ChIJKX961jtsXz4RME9xHAfNxUM,
TRUE,TRUE,FALSE,51 33B St - Al Barsha - Al Barsha 3 - Dubai - United Arab Emirates,Dubai,AE,250.866.586,552.038.283,Al Barsha - Al Barsha 3,,,,,,,,,,,,,,,97146087777,74,"https://www.google.com/maps/search/Mosqu/@25.07406684999999,55.15801460628913,14z?hl=en",,Dubai,51 33B St,Al Ferdous Mosque,al-ferdous-mosque,al-ferdous-mosque.jpg,4.9,https://www.google.com/maps/search/?api=1&query=Al%20Ferdous%20Mosque&query_place_id=ChIJZTfX0nJsXz4RqqXwxPZ_eC0,
TRUE,TRUE,FALSE,3664+6R3 - JVC - Dubai - United Arab Emirates,Dubai,AE,25.060.502,552.070.388,Jumeirah Village,,,,,,,,,,,,,,,,242,"https://www.google.com/maps/search/Mosqu/@25.07406684999999,55.15801460628913,14z?hl=en",,Dubai,3664+6R3 - JVC,Saleh Mohammed Bin Lahej Mosque,saleh-mohammed-bin-lahej-mosque,saleh-mohammed-bin-lahej-mosque.jpg,4.9,https://www.google.com/maps/search/?api=1&query=Saleh%20Mohammed%20Bin%20Lahej%20Mosque&query_place_id=ChIJsfW7gSptXz4RThOKrSWjy0U,
TRUE,TRUE,FALSE,Third - 17 Al Leyiaan St - Jumeirah - Jumeirah 3 - Dubai - United Arab Emirates,Dubai,AE,251.786.061,552.217.949,Jumeirah - Jumeirah 3,,,,,,,,,,,,,,,"9,72E+16",22,"https://www.google.com/maps/search/Mosqu/@25.198130851664505,55.22625165000002,14z?hl=en",,Dubai,Third - 17 Al Leyiaan St,Jumeirah 3 Park 1 Mosque,jumeirah-3-park-1-mosque,jumeirah-3-park-1-mosque.jpg,4.8,https://www.google.com/maps/search/?api=1&query=Jumeirah%203%20Park%201%20Mosque&query_place_id=ChIJY19XFQFqXz4RDKdqIcRogjY,
TRUE,TRUE,FALSE,Third - 419 Jumeirah St - Jumeirah - Jumeirah 3 - Dubai - United Arab Emirates,Dubai,AE,25.191.111,552.329.902,Jumeirah - Jumeirah 3,,,,,,,,,,,,,,,,49,"https://www.google.com/maps/search/Mosqu/@25.198130851664505,55.22625165000002,14z?hl=en",,Dubai,Third - 419 Jumeirah St,Sheikh Mohamed Bin Rashed Al Maktoum Mosque,sheikh-mohamed-bin-rashed-al-maktoum-mosque,sheikh-mohamed-bin-rashed-al-maktoum-mosque.jpg,4.9,https://www.google.com/maps/search/?api=1&query=Sheikh%20Mohamed%20Bin%20Rashed%20Al%20Maktoum%20Mosque&query_place_id=ChIJ9Xn-IgRCXz4RUNJdQfesnsI,https://www.awqaf.gov.ae/
TRUE,TRUE,FALSE,518 Jumeirah St - Jumeirah - Jumeirah 3 - Dubai - United Arab Emirates,Dubai,AE,251.809.874,552.241.204,Jumeirah - Jumeirah 3,,,,,,,,,,,,,,,,11,"https://www.google.com/maps/search/Mosqu/@25.198130851664505,55.22625165000002,14z?hl=en",,Dubai,518 Jumeirah St,Masjid Belyouha,masjid-belyouha,masjid-belyouha.jpg,4.8,https://www.google.com/maps/search/?api=1&query=Masjid%20Belyouha&query_place_id=ChIJg3ZOEz1rXz4Rxf3Y2jZkbR0,
TRUE,TRUE,FALSE,51 10B St - Al Quoz - Al Quoz 1 - Dubai - United Arab Emirates,Dubai,AE,251.684.707,552.448.086,Al Quoz - Al Quoz 1,,,,,,,,,,,,,,,,42,"https://www.google.com/maps/search/Mosqu/@25.198130851664505,55.22625165000002,14z?hl=en",,Dubai,51 10B St,Saad Bin Abi Waqas Mosque,saad-bin-abi-waqas-mosque,saad-bin-abi-waqas-mosque.jpg,4.7,https://www.google.com/maps/search/?api=1&query=Saad%20Bin%20Abi%20Waqas%20Mosque&query_place_id=ChIJWwWMJetpXz4RSc5aVsYeuTA,
TRUE,TRUE,FALSE,6788+CRH - Al Satwa - Dubai - United Arab Emirates,Dubai,AE,252.160.554,552.671.218,Al Satwa,,,,,,,,,,,,,,,,110,"https://www.google.com/maps/search/Mosqu/@25.198130851664505,55.22625165000002,14z?hl=en",,Dubai,6788+CRH,Bilal bin Rabah Mosque,bilal-bin-rabah-mosque,bilal-bin-rabah-mosque.jpg,4.6,https://www.google.com/maps/search/?api=1&query=Bilal%20bin%20Rabah%20Mosque&query_place_id=ChIJbTOtM15CXz4Rmb2eg8QKXZo,
TRUE,TRUE,FALSE,18 14A Street - Al Quoz - Al Quoz 1 - Dubai - United Arab Emirates,Dubai,AE,251.739.963,552.508.952,Al Quoz - Al Quoz 1,,,,,,,,,,,,,,,,56,"https://www.google.com/maps/search/Mosqu/@25.198130851664505,55.22625165000002,14z?hl=en",,Dubai,18 14A Street,Almuhtadi Masjid (Mosque) Al Quoz,almuhtadi-masjid-al-quoz,almuhtadi-masjid-al-quoz.jpg,4.8,https://www.google.com/maps/search/?api=1&query=Almuhtadi%20Masjid%20(Mosque)%20Al%20Quoz&query_place_id=ChIJR32ec8FpXz4RAVitMru6fOA,
TRUE,TRUE,FALSE,2 91 St - Jumeirah - Jumeirah 2 - Dubai - United Arab Emirates,Dubai,AE,252.105.445,552.462.695,Jumeirah - Jumeirah 2,,,,,,,,,,,,,,,,9,"https://www.google.com/maps/search/Mosqu/@25.198130851664505,55.22625165000002,14z?hl=en",,Dubai,2 91 St,Suhail bin Juma Mosque جامع سهيل بن جمعة,suhail-bin-juma-mosque,suhail-bin-juma-mosque.jpg,4.9,https://www.google.com/maps/search/?api=1&query=Suhail%20bin%20Juma%20Mosque%20%D8%AC%D8%A7%D9%85%D8%B9%20%D8%B3%D9%87%D9%8A%D9%84%20%D8%A8%D9%86%20%D8%AC%D9%85%D8%B9%D8%A9&query_place_id=ChIJGSioim9DXz4R8WOQPXBk3Zg,
TRUE,TRUE,FALSE,33 8B St - Al Safa - Al Safa 1 - Dubai - United Arab Emirates,Dubai,AE,25.179.795,55.239.231,Al Safa - Al Safa 1,,,,,,,,,,,,,,,971800600,97,"https://www.google.com/maps/search/Mosqu/@25.198130851664505,55.22625165000002,14z?hl=en",,Dubai,33 8B St,Ali Bin Abi Talib Mosque,ali-bin-abi-talib-mosque,ali-bin-abi-talib-mosque.jpg,4.7,https://www.google.com/maps/search/?api=1&query=Ali%20Bin%20Abi%20Talib%20Mosque&query_place_id=ChIJk9L18ORpXz4Rb78er3oANMM,
TRUE,TRUE,FALSE,Third - 96 Layeh Street - Jumeirah - Jumeirah 3 - Dubai - United Arab Emirates,Dubai,AE,251.820.131,552.339.874,Jumeirah - Jumeirah 3,,,,,,,,,,,,,,,97146087777,43,"https://www.google.com/maps/search/Mosqu/@25.198130851664505,55.22625165000002,14z?hl=en",,Dubai,Third - 96 Layeh Street,Khalifa Al Fahad Mosque,khalifa-al-fahad-mosque,khalifa-al-fahad-mosque.jpg,4.9,https://www.google.com/maps/search/?api=1&query=Khalifa%20Al%20Fahad%20Mosque&query_place_id=ChIJu5bwXvxpXz4R-q9pVrOyy9w,
TRUE,TRUE,FALSE,20 17C St - Al Wasl - Dubai - United Arab Emirates,Dubai,AE,251.993.869,552.605.626,Al Wasl,,,,,,,,,,,,,,,,97,"https://www.google.com/maps/search/Mosqu/@25.198130851664505,55.22625165000002,14z?hl=en",,Dubai,20 17C St,Abdulrahman Al Qasimi Mosque,abdulrahman-al-qasimi-mosque,abulrahman-al-qasimi-mosque.jpg,4.7,https://www.google.com/maps/search/?api=1&query=Abdulrahman%20Al%20Qasimi%20Mosque&query_place_id=ChIJn-VFQHpCXz4RcjUMuEr5c0M,
TRUE,TRUE,FALSE,12 34A Street - Al Quoz - Al Quoz 1 - Dubai - United Arab Emirates,Dubai,AE,251.715.497,552.564.957,Al Quoz - Al Quoz 1,,,,,,,,,,,,,,,,64,"https://www.google.com/maps/search/Mosqu/@25.198130851664505,55.22625165000002,14z?hl=en",,Dubai,12 34A Street,Masjid Imam al Muntazir (Shia Mosque),masjid-imam-al-muntazir-shia-mosque,masjid-imam-al-muntazir-shia-mosque.jpg,4.9,https://www.google.com/maps/search/?api=1&query=Masjid%20Imam%20al%20Muntazir%20(Shia%20Mosque)&query_place_id=ChIJneSmv99pXz4Rr6JdzenNKic,
TRUE,TRUE,FALSE,X2PG+8W6 - Mina Jebel Ali - Jebel Ali Freezone - Dubai - United Arab Emirates,Dubai,AE,249.857.994,550.272.794,Mina Jebel Ali - Jebel Ali Freezone,,,,,,,,,,,,,,,,2,"https://www.google.com/maps/search/Mosqu/@25.012034849167733,54.81682938773466,14z?hl=en",,Dubai,X2PG+8W6,Musalla Eid (Eid prayer ground),musalla-eid-prayer-ground,musalla-eid-prayer-ground-mosque.jpg,4.5,https://www.google.com/maps/search/?api=1&query=%D9%85%D8%B3%D8%AC%D8%AF%20%D8%A7%D9%84%D9%86%D9%88%D8%B1&query_place_id=ChIJyXMJMSQRXz4RF5KvEUwbl5s,
,FALSE,FALSE,,Dubai,,,,,,,,,,,,,,,,,,,,,,,,,,mosque-alharam-makkah,,,,
TRUE,TRUE,FALSE,W2RR+GR6 - Sheikh Zayed Rd - Mina Jebel Ali - Dubai - United Arab Emirates,Dubai,AE,249.412.918,550.420.065,Mina Jebel Ali,,,,,,,,,,,,,,,,23,"https://www.google.com/maps/search/Mosqu/@25.012034849167733,54.81682938773466,14z?hl=en",,Dubai,W2RR+GR6 - Sheikh Zayed Rd,Emirates Station Mosque,emirates-station-mosque,emirates-station-mosque.jpg,4.3,https://www.google.com/maps/search/?api=1&query=Emirates%20Station%20Mosque&query_place_id=ChIJ-WCWEHEOXz4RxUnR-6SepZI,
TRUE,TRUE,FALSE,3688+72G JVC - Jumeirah Village - Dubai - United Arab Emirates,Dubai,AE,250.656.911,552.150.878,Jumeirah Village,,,,,,,,,,,,,,,,105,"https://www.google.com/maps/search/Mosqu/@25.07406684999999,55.15801460628913,14z?hl=en",,Dubai,3688+72G JVC,Circle mall Mosque,circle-mall-mosque,circle-mall-mosque.jpg,4.7,https://www.google.com/maps/search/?api=1&query=Circle%20mall%20Mosque&query_place_id=ChIJDUqFuI5tXz4RD1XTftPnW6w,
,FALSE,FALSE,Al Barsha - Al Barsha 2 - Dubai - United Arab Emirates,Dubai,AE,250.977.335,55.203.796,Al Barsha - Al Barsha 2,Monday,Open 24 hours,Tuesday,Open 24 hours,Wednesday,Open 24 hours,Thursday,Open 24 hours,Friday,Open 24 hours,Saturday,Open 24 hours,Sunday,Open 24 hours,9718008889,132,"https://www.google.com/maps/search/Mosqu/@25.07406684999999,55.15801460628913,14z?hl=en",,Dubai,,Union Coop Masjid,union-coop-masjid,union-coop-masjid.jpg,4.8,https://www.google.com/maps/search/?api=1&query=Union%20Coop%20Masjid&query_place_id=ChIJAzU2K4trXz4RU8nNoZHgaDA,https://www.unioncoop.ae/
TRUE,TRUE,FALSE,3539+GV4 - Dubai - United Arab Emirates,Dubai,AE,250.537.691,551.697.085,,,,,,,,,,,,,,,,,16,"https://www.google.com/maps/search/Mosqu/@25.07406684999999,55.15801460628913,14z?hl=en",,Dubai,3539+GV4,Masjid Meadows Village,masjid-meadows-village,masjid-meadows-village.jpg,4.9,https://www.google.com/maps/search/?api=1&query=Masjid%20Meadows%20Village&query_place_id=ChIJBQZ9LRltXz4RkTWFXVHmPdA,
TRUE,TRUE,FALSE,3635+3GW - JVC - Dubai - United Arab Emirates,Dubai,AE,250.527.251,552.088.372,Jumeirah Village,,,,,,,,,,,,,,,,67,"https://www.google.com/maps/search/Mosqu/@25.07406684999999,55.15801460628913,14z?hl=en",,Dubai,3635+3GW - JVC,Mosque Prayer,mosque-prayer,mosque-prayer.jpg,4.9,https://www.google.com/maps/search/?api=1&query=Mosque%20Prayer&query_place_id=ChIJ2XvaflxtXz4RR-w-qtSU0w8,
TRUE,TRUE,FALSE,Lakeside Residence - Ground Floor - Dubai - United Arab Emirates,Dubai,AE,250.665.907,551.381.438,Jumeirah Lake Towers,,,,,,,,,,,,,,,,13,"https://www.google.com/maps/search/Mosqu/@25.07406684999999,55.15801460628913,14z?hl=en",,Dubai,Lakeside Residence - Ground Floor,Masjid Lake Side Residence,masjid-lake-side-residence,masjid-lake-side-residence.jpg,4.9,https://www.google.com/maps/search/?api=1&query=Masjid%20Lake%20Side%20Residence&query_place_id=ChIJy2vmvF9tXz4RDpxLbfCLj1g,
TRUE,TRUE,FALSE,59 18A St - Al Satwa - Dubai - United Arab Emirates,Dubai,AE,25.226.809,552.784.546,Al Satwa,,,,,,,,,,,,,,,,11,"https://www.google.com/maps/search/Mosqu/@25.198130851664505,55.22625165000002,14z?hl=en",,Dubai,59 18A St,Abdulla Bin Alzubair Masjid,abdulla-bin-alzubair-masjid,abdulla-bin-alzubair-masjid.jpg,4.5,https://www.google.com/maps/search/?api=1&query=Abdulla%20Bin%20Alzubair%20Masjid&query_place_id=ChIJFaRzuABDXz4Rc-n5dmAg34k,
TRUE,TRUE,FALSE,38 - 38 Street 30B - Al Barsha - Al Barsha 3 - Dubai - United Arab Emirates,Dubai,AE,250.896.793,551.944.106,Al Barsha - Al Barsha 3,,,,,,,,,,,,,,,,33,"https://www.google.com/maps/search/Mosqu/@25.07406684999999,55.15801460628913,14z?hl=en",,Dubai,38 - 38 Street 30B,Al-Muhtadi Masjid,al-muhtadi-masjid,al-muhtadi-masjid.jpg,4.7,https://www.google.com/maps/search/?api=1&query=Al-Muhtadi%20Masjid%20%D9%85%D8%B3%D8%AC%D8%AF%20%D8%A7%D9%84%D9%85%D9%87%D8%AA%D8%AF%D9%8A&query_place_id=ChIJ031JCndsXz4RssJAK4CdT7g,
TRUE,TRUE,FALSE,175 Al Boom Street - Jumeirah - Jumeirah 3 - Dubai - United Arab Emirates,Dubai,AE,251.730.911,552.229.225,Jumeirah - Jumeirah 3,,,,,,,,,,,,,,,,46,"https://www.google.com/maps/search/Mosqu/@25.198130851664505,55.22625165000002,14z?hl=en",,Dubai,175 Al Boom Street,Mitha Bint Abdullha Almahiri Mosque,mitha-bint-abdullah-almahiri-mosque,mitha-bint-abdullha-almahiri-mosque.jpg,4.9,https://www.google.com/maps/search/?api=1&query=Mitha%20Bint%20Abdullha%20Almahiri%20Mosque&query_place_id=ChIJ61JxlOtrXz4RQzQF0PDn6rM,
TRUE,TRUE,FALSE,34MR+25V - Jumeirah Beach Residence - Dubai - United Arab Emirates,Dubai,AE,25.082.612,551.404.178,Jumeirah Beach Residence,,,,,,,,,,,,,,,97145560888,18,"https://www.google.com/maps/search/Mosqu/@25.07406684999999,55.15801460628913,14z?hl=en",,Dubai,34MR+25V,JBR Murjan Masjid,jbr-murjan-masjid,jbr-murjan-masjid.jpg,4.7,https://www.google.com/maps/search/?api=1&query=JBR%20Murjan%20Masjid&query_place_id=ChIJ7ScXfVRrXz4R2p0Te1IJjHg,
TRUE,TRUE,FALSE,175 Al Boom Street - Jumeirah - Jumeirah 3 - Dubai - United Arab Emirates,Dubai,AE,251.730.656,552.229.792,Jumeirah - Jumeirah 3,,,,,,,,,,,,,,,,2,"https://www.google.com/maps/search/Mosqu/@25.198130851664505,55.22625165000002,14z?hl=en",,Dubai,175 Al Boom Street,Mosque 175 Al Boom Street,mosque-175-al-boom-street,mosque-175-al-boom-street.jpg,5,https://www.google.com/maps/search/?api=1&query=Mosque&query_place_id=ChIJ10XlxbdrXz4RBBGlQmoJUcw,
TRUE,TRUE,FALSE,26W7+2M8 - Dubai Sports City - Dubai - United Arab Emirates,Dubai,AE,25.045.034,552.141.991,Dubai Sports City,,,,,,,,,,,,,,,,67,"https://www.google.com/maps/search/Mosqu/@25.07406684999999,55.15801460628913,14z?hl=en",,Dubai,26W7+2M8,Sports City Mosque,sports-city-mosque,sports-city-mosque.jpg,4.5,https://www.google.com/maps/search/?api=1&query=Sports%20City%20Mosque%20%D9%85%D8%B3%D8%AC%D8%AF&query_place_id=ChIJC6WK989tXz4RCCgXCEnE5l0,
TRUE,TRUE,FALSE,57H6+XJC - Dubai - United Arab Emirates,Dubai,AE,251.799.347,552.615.023,,,,,,,,,,,,,,,,,21,"https://www.google.com/maps/search/Mosqu/@25.198130851664505,55.22625165000002,14z?hl=en",,Dubai,57H6+XJC,Mosque 57H6+XJC,mosque-57H6-XJC,mosque-57H6-XJC.jpg,4.7,https://www.google.com/maps/search/?api=1&query=Mosque&query_place_id=ChIJxxL2DjJpXz4RWUHvDLj_8wk,
TRUE,TRUE,FALSE,34FJ+P4M - شارع الممشى - Dubai Marina - Dubai - United Arab Emirates,Dubai,AE,250.743.329,551.303.005,Dubai Marina,,,,,,,,,,,,,,,,36,"https://www.google.com/maps/search/Mosqu/@25.07406684999999,55.15801460628913,14z?hl=en",,Dubai,34FJ+P4M - شارع الممشى,Mosque 34FJ+P4M ,mosque-34fj-p4m,mosque-34FJP4M.jpg,4.7,https://www.google.com/maps/search/?api=1&query=Mosque&query_place_id=ChIJHUD6O1YTXz4R78JhzE4e_j0,
,FALSE,FALSE,,Dubai,,,,,,,,,,,,,,,,,,,,,,,,,,mosque-al-haram-mecca,,,,
TRUE,TRUE,FALSE,30 Street 6B - Al Barsha - Al Barsha 3 - Dubai - United Arab Emirates,Dubai,AE,250.991.316,551.862.242,Al Barsha - Al Barsha 3,,,,,,,,,,,,,,,97146087777,33,"https://www.google.com/maps/search/Mosqu/@25.07406684999999,55.15801460628913,14z?hl=en",,Dubai,30 Street 6B,Mohammad Ali Bin Beyat Masjid,mohammad-ali-bin-beyat-masjid,mohammad-ali-bin-beyat-masjid.jpg,4.8,https://www.google.com/maps/search/?api=1&query=Mohammad%20Ali%20Bin%20Beyat%20Masjid&query_place_id=ChIJiwbOaINrXz4RZ8UFRiWCRNQ,
TRUE,TRUE,FALSE,5 Al Garffa Street - Jumeirah - Jumeirah 3 - Dubai - United Arab Emirates,Dubai,AE,251.758.842,552.233.858,Jumeirah - Jumeirah 3,,,,,,,,,,,,,,,"9,72E+16",18,"https://www.google.com/maps/search/Mosqu/@25.198130851664505,55.22625165000002,14z?hl=en",,Dubai,5 Al Garffa Street,Masjid al marhoom salim bin ubaid,masjid-al-marhoom-salim-bin-ubaid,masjid-al-marhoom-salim-bin-ubaid.jpg,4.9,https://www.google.com/maps/search/?api=1&query=Masjid%20al%20marhoom%20salim%20bin%20ubaid&query_place_id=ChIJT5K7TQJqXz4RQpFNlOpXXY8,
TRUE,TRUE,FALSE,The Palladium - Jumeirah Lake Towers - Dubai - United Arab Emirates,Dubai,AE,250.693.652,551.392.731,Jumeirah Lake Towers,,,,,,,,,,,,,,,,10,"https://www.google.com/maps/search/Mosqu/@25.07406684999999,55.15801460628913,14z?hl=en",,Dubai,The Palladium,"Masjid , Unit No 103, Palladium Tower, Cluster C, Jlt",masjid-palladium-tower-cluster-c-jlt-103,masjid-unit-no-103-palladium-tower-cluster-c-jlt.jpg,4.7,https://www.google.com/maps/search/?api=1&query=Masjid%20%2C%20Unit%20No%20103%2C%20Palladium%20Tower%2C%20Cluster%20C%2C%20Jlt&query_place_id=ChIJudZb0cdtXz4R5PZ16YTH3yA,
,FALSE,FALSE,,Dubai,,,,,,,,,,,,,,,,,,,,,,,,,,mosque-alharam-islamic-center-nyc,,,,
TRUE,TRUE,FALSE,306 Jumeirah St - Jumeirah - Jumeirah 2 - Dubai - United Arab Emirates,Dubai,AE,252.038.742,552.416.746,Jumeirah - Jumeirah 2,,,,,,,,,,,,,,,,30,"https://www.google.com/maps/search/Mosqu/@25.198130851664505,55.22625165000002,14z?hl=en",,Dubai,306 Jumeirah St,Rashid bin Bakhit Mosque,rashid-bin-bakhit-mosque,rashid-bin-bakhit-mosque.jpg,4.9,https://www.google.com/maps/search/?api=1&query=Rashid%20bin%20Bakhit%20Mosque&query_place_id=ChIJM_hvsBZCXz4R3LNBZQHyN20,
TRUE,TRUE,FALSE,35WW+W79 - Al Barsha - Al Barsha 3 - Dubai - United Arab Emirates,Dubai,AE,250.972.877,551.957.269,Al Barsha - Al Barsha 3,,,,,,,,,,,,,,,,204,"https://www.google.com/maps/search/Mosqu/@25.07406684999999,55.15801460628913,14z?hl=en",,Dubai,35WW+W79,Masjid Ibaad Ar Rahmaan,masjid-ibaad-ar-rahmaan,masjid-ibaad-ar-rahmaan.jpg,4.9,https://www.google.com/maps/search/?api=1&query=Masjid%20Ibaad%20Ar%20Rahmaan&query_place_id=ChIJj02AKIlrXz4RSXwReWDnLlg,
TRUE,TRUE,FALSE,37 14a St - Umm Suqeim - Umm Suqeim 1 - Dubai - United Arab Emirates,Dubai,AE,251.684.239,552.171.081,Umm Suqeim - Umm Suqeim 1,,,,,,,,,,,,,,,,15,"https://www.google.com/maps/search/Mosqu/@25.198130851664505,55.22625165000002,14z?hl=en",,Dubai,37 14a St,Adhass St Mosque,adhass-st-mosque,adhaas-st-mosque.jpg,4.8,https://www.google.com/maps/search/?api=1&query=Adhass%20St%20Mosque&query_place_id=ChIJVy9V-BpqXz4R21qF7SZ_zzU,
TRUE,TRUE,FALSE,3539+GWC - Dubai - United Arab Emirates,Dubai,AE,250.538.246,551.697.675,,Monday,Open 24 hours,Tuesday,Open 24 hours,Wednesday,Open 24 hours,Thursday,Open 24 hours,Friday,Open 24 hours,Saturday,Open 24 hours,Sunday,Open 24 hours,,46,"https://www.google.com/maps/search/Mosqu/@25.07406684999999,55.15801460628913,14z?hl=en",,Dubai,3539+GWC,Samad Mosque,samad-mosque,samad-mosque.jpg,4.8,https://www.google.com/maps/search/?api=1&query=Samad%20Mosque&query_place_id=ChIJt5WeRuVsXz4Rnx9kqkt6SpU,
TRUE,TRUE,FALSE,569 Jumeirah St - Umm Suqeim - Umm Suqeim 1 - Dubai - United Arab Emirates,Dubai,AE,251.703.887,552.167.222,Umm Suqeim - Umm Suqeim 1,,,,,,,,,,,,,,,,6,"https://www.google.com/maps/search/Mosqu/@25.198130851664505,55.22625165000002,14z?hl=en",,Dubai,569 Jumeirah St,Ahmad Mohamed Bin Fahad Mosque,ahmad-mohamed-bin-fahad-mosque,ahmad-mohamed-bin-fahad-mosque.jpg,4.2,https://www.google.com/maps/search/?api=1&query=Ahmad%20Mohamed%20Bin%20Fahad%20Mosque&query_place_id=ChIJy7O7a_BrXz4RqrZVvvx2wlI,
TRUE,TRUE,FALSE,Al Mass Tower - Dubai Marina - Dubai - United Arab Emirates,Dubai,AE,250.844.422,551.491.209,Dubai Marina,Monday,4:30 AM to 10 PM,Tuesday,4:30 AM to 10 PM,Wednesday,4:30 AM to 10 PM,Thursday,4:30 AM to 10 PM,Friday,4:30 AM to 10 PM,Saturday,4:30 AM to 10 PM,Sunday,4:30 AM to 10 PM,,13,"https://www.google.com/maps/search/Mosqu/@25.07406684999999,55.15801460628913,14z?hl=en",,Dubai,Al Mass Tower,Mosque Marina Walk (2nd Floor),mosque-marina-walk-2nd-floor,mosque-marina-walk-2nd-floor.jpg,4.6,https://www.google.com/maps/search/?api=1&query=Mosque%20Marina%20Walk%20(2nd%20Floor)&query_place_id=ChIJW8nduj5rXz4RekMS5gXwLXQ,
TRUE,TRUE,FALSE,CAP Enterprise Solution - Al Satwa Rd - Al Satwa - Dubai - United Arab Emirates,Dubai,AE,252.273.277,55.273.753,Al Satwa,,,,,,,,,,,,,,,,11,"https://www.google.com/maps/search/Mosqu/@25.198130851664505,55.22625165000002,14z?hl=en",,Dubai,CAP Enterprise Solution - Al Satwa Rd,Juma Mosque (G+1FLOOR + IMAM BLOCK & SERVICE BLOCK),juma-mosque-g1floor-imam-block-service-block,juma-mosque-imam-block-service-block.jpg,4.9,https://www.google.com/maps/search/?api=1&query=Juma%20Mosque%20(G%2B1FLOOR%20%2B%20IMAM%20BLOCK%20%26%20SERVICE%20BLOCK)&query_place_id=ChIJt6I9UI9DXz4RP319bjl9tvI,
TRUE,TRUE,FALSE,36R3+VV4 - Al Barsha - Al Barsha 3 - Dubai - United Arab Emirates,Dubai,AE,250.921.405,552.046.915,Al Barsha - Al Barsha 3,,,,,,,,,,,,,,,,44,"https://www.google.com/maps/search/Mosqu/@25.07406684999999,55.15801460628913,14z?hl=en",,Dubai,36R3+VV4,Ben Mesehar mosque Al Barsha 3,ben-mesehar-mosque-al-barsha-3,ben-mesehar-mosque-al-barsha-3.jpg,4.8,https://www.google.com/maps/search/?api=1&query=Ben%20Mesehar%20mosque%20Al%20Barsha%203&query_place_id=ChIJn3Q1JAtsXz4RVXmYpQxAZDs,
TRUE,TRUE,FALSE,82 22 B St - 82 22B St - Dubai - United Arab Emirates,Dubai,AE,252.259.065,552.711.995,Al Bada'a,,,,,,,,,,,,,,,,85,"https://www.google.com/maps/search/Mosqu/@25.198130851664505,55.22625165000002,14z?hl=en",,Dubai,82 22 B St - 82 22B St,Al-Imam Al-Shafie Mosque,al-imam-al-shafie-mosque,al-imam-al-shafie-mosque.jpg,4.8,https://www.google.com/maps/search/?api=1&query=Al-Imam%20Al-Shafie%20Mosque&query_place_id=ChIJty3o7PdCXz4RfP2tKSJ8YSg,
TRUE,TRUE,FALSE,37 Al Nessnass St - Jumeirah - Jumeirah 3 - Dubai - United Arab Emirates,Dubai,AE,251.810.241,55.224.051,Jumeirah - Jumeirah 3,,,,,,,,,,,,,,,,15,"https://www.google.com/maps/search/Mosqu/@25.198130851664505,55.22625165000002,14z?hl=en",,Dubai,37 Al Nessnass St,Masjid Majid Bin Sayed,masjid-majid-bin-sayed,masjid-majid-bin-sayed.jpg,4.3,https://www.google.com/maps/search/?api=1&query=Masjid%20Majid%20Bin%20Sayed&query_place_id=ChIJq4_4TgBqXz4RK99VJj0PeUs,
TRUE,TRUE,FALSE,57R9+89C - Business Bay - Dubai - United Arab Emirates,Dubai,AE,251.908.161,552.683.846,Business Bay,,,,,,,,,,,,,,,,18,"https://www.google.com/maps/search/Mosqu/@25.198130851664505,55.22625165000002,14z?hl=en",,Dubai,57R9+89C,Mosque avenue park,mosque-avenue-park,mosque-avenue-park.jpg,4.8,https://www.google.com/maps/search/?api=1&query=Mosque%20avenue%20park&query_place_id=ChIJbV2oCuZpXz4RtmA-8nrHNvg,
TRUE,TRUE,FALSE,6788+CRH - Al Satwa - Dubai - United Arab Emirates,Dubai,AE,252.160.554,552.671.218,Al Satwa,,,,,,,,,,,,,,,97146087777,30,"https://www.google.com/maps/search/Mosqu/@25.198130851664505,55.22625165000002,14z?hl=en",,Dubai,6788+CRH,Masjed Qurtobah,masjed-qurtobah-mosque,masjid-qurtobah.jpg,4.6,https://www.google.com/maps/search/?api=1&query=Masjed%20Qurtobah&query_place_id=ChIJbTOtM15CXz4RZmkgzXcoJa8,
TRUE,TRUE,FALSE,1 Financial Center Rd - Downtown Dubai - Dubai - United Arab Emirates,Dubai,AE,251.979.696,552.772.369,Downtown Dubai,,,,,,,,,,,,,,,"9,23E+16",12,"https://www.google.com/maps/search/Mosqu/@25.198130851664505,55.22625165000002,14z?hl=en",,Dubai,1 Financial Center Rd,Prayer room @ Dubai Mall Level G,prayer-room-dubai-mall-level-g,prayer-room-dubai-mall-level-g-mosque.jpg,5,https://www.google.com/maps/search/?api=1&query=Prayer%20room%20%40%20Dubai%20Mall%20Level%20G&query_place_id=ChIJ3Qp01qlDXz4R9MQOfgPpQpU,
TRUE,TRUE,FALSE,Souk Al Bahar - Downtown Dubai - Dubai - United Arab Emirates,Dubai,AE,251.943.858,552.765.422,Downtown Dubai,,,,,,,,,,,,,,,,4,"https://www.google.com/maps/search/Mosqu/@25.198130851664505,55.22625165000002,14z?hl=en",,Dubai,Souk Al Bahar,Prayer rooms,prayer-rooms-mosque,prayer-rooms-mosque.jpg,5,https://www.google.com/maps/search/?api=1&query=Prayer%20rooms&query_place_id=ChIJWfK9kOppXz4R1rjcp5KsyWY,
TRUE,TRUE,FALSE,9 15A St - Umm Suqeim - Jumeirah 3 - Dubai - United Arab Emirates,Dubai,AE,251.702.035,552.151.467,Umm Suqeim - Jumeirah 3,,,,,,,,,,,,,,,,6,"https://www.google.com/maps/search/Mosqu/@25.198130851664505,55.22625165000002,14z?hl=en",,Dubai,9 15A St,ENOC Mosque,enoc-mosque-dubai,enoc-mosque.jpg,4.3,https://www.google.com/maps/search/?api=1&query=ENOC%20Mosque&query_place_id=ChIJSyB0qxpqXz4RAouhDh4ccWk,
TRUE,TRUE,FALSE,11 شارع ٥ - Al Wasl - Dubai - United Arab Emirates,Dubai,AE,252.047.343,552.662.693,Al Wasl,,,,,,,,,,,,,,,,94,"https://www.google.com/maps/search/Mosqu/@25.198130851664505,55.22625165000002,14z?hl=en",,Dubai,11 شارع ٥,Masjed Abdulsalam AlRafi (Armed Forces Martyrs),masjed-abdulsalam-alrafi-armed-forces-martyrs,masjid-abdulsalam-alrafi-armed-forces-martyrs.jpg,4.9,https://www.google.com/maps/search/?api=1&query=Masjed%20Abdulsalam%20AlRafi%20(Armed%20Forces%20Martyrs)&query_place_id=ChIJSwIZfrtDXz4RO_zXQsPQhAs,
TRUE,TRUE,FALSE,12 75th St - Al Bada'a - Dubai - United Arab Emirates,Dubai,AE,252.160.689,552.631.706,Al Bada'a,,,,,,,,,,,,,,,97146087777,16,"https://www.google.com/maps/search/Mosqu/@25.198130851664505,55.22625165000002,14z?hl=en",,Dubai,12 75th St,Shaabeyat Al-Wasl,shaabeyat-al-wasl-mosque,shaabeyat-al-wasl-mosque.jpg,4.6,https://www.google.com/maps/search/?api=1&query=Shaabeyat%20Al-Wasl&query_place_id=ChIJT_sRuF1CXz4RfHRUseC5tZs,http://www.iacad.gov.ae/
TRUE,TRUE,TRUE,X563+7HR - Dubai - United Arab Emirates,Dubai,AE,249.606.875,551.539.375,,Monday,Open 24 hours,Tuesday,Open 24 hours,Wednesday,Open 24 hours,Thursday,Open 24 hours,Friday,Open 24 hours,Saturday,Open 24 hours,Sunday,Open 24 hours,,42,"https://www.google.com/maps/search/Mosqu/@24.763906845838704,55.22625165000002,14z?hl=en",,Dubai,X563+7HR,Expo City Mosque | Expo City Dubai,expo-city-mosque-dubai,expo-city-mosque-dubai.jpg,4.5,https://www.google.com/maps/search/?api=1&query=Expo%20City%20Mosque%20%7C%20Expo%20City%20Dubai&query_place_id=ChIJ4TQsTABzXz4R3QW0tA75290,https://www.expocitydubai.com/en/things-to-do/attractions/expo-city-mosque/
TRUE,TRUE,FALSE,273W+9WG Hayat Townhouses 1 - Dubai - United Arab Emirates,Dubai,AE,250.034.257,552.973.318,,,,,,,,,,,,,,,,,2,"https://www.google.com/maps/search/Mosqu/@24.763906845838704,55.22625165000002,14z?hl=en",,Dubai,273W+9WG Hayat Townhouses 1,Muezzin House,muezzin-house-mosque,muezzin-house-mosque.jpg,5,https://www.google.com/maps/search/?api=1&query=Muezzin%20House&query_place_id=ChIJKSolwtFxXz4RmB5b_kOzqxs,
TRUE,TRUE,FALSE,273W+9WF - Al Qudra Rd - Dubai - United Arab Emirates,Dubai,AE,250.034.411,552.972.907,,,,,,,,,,,,,,,,,2,"https://www.google.com/maps/search/Mosqu/@24.763906845838704,55.22625165000002,14z?hl=en",,Dubai,273W+9WF - Al Qudra Rd,Janitor House,janitor-house-mosque,mosque-janitor-house.jpg,5,https://www.google.com/maps/search/?api=1&query=Janitor%20House&query_place_id=ChIJTRsWmDJxXz4RPOjz-Ddf-pE,
TRUE,TRUE,FALSE,1 Al Barsha Rd - Al Barsha - Al Barsha 1 - Dubai - United Arab Emirates,Dubai,AE,251.127.894,551.940.623,Al Barsha - Al Barsha 1,,,,,,,,,,,,,,,,150,"https://www.google.com/maps/search/Mosqu/@25.07406684999999,54.953303475156446,14z?hl=en",,Dubai,1 Al Barsha Rd,Al Barsha Mosque,al-barsha-mosque,al-barsha-mosque.jpg,4.9,https://www.google.com/maps/search/?api=1&query=Al%20Barsha%20Mosque&query_place_id=ChIJkb6IA91rXz4RfW5ifMKEG3Y,
TRUE,TRUE,FALSE,W85J+6R9 - Al Qudra Rd - Madinat Latifa - Dubai - United Arab Emirates,Dubai,AE,249.080.481,553.321.052,Madinat Latifa,,,,,,,,,,,,,,,"9,72E+16",21,"https://www.google.com/maps/search/Mosqu/@24.763906845838704,55.22625165000002,14z?hl=en",,Dubai,W85J+6R9 - Al Qudra Rd,Ahmed Al Habbai Masjid,ahmed-al-habbai-masjid,ahmed-al-habbai-masjid.jpg,4.8,https://www.google.com/maps/search/?api=1&query=Ahmed%20Al%20Habbai%20Masjid&query_place_id=ChIJE_2eazl4Xz4RwBu07XHkqfk,
TRUE,TRUE,FALSE,W6V7+CRF - Dubai - United Arab Emirates,Dubai,AE,249.432.578,552.130.228,,Monday,Open 24 hours,Tuesday,Open 24 hours,Wednesday,Open 24 hours,Thursday,Open 24 hours,Friday,Open 24 hours,Saturday,Open 24 hours,Sunday,Open 24 hours,"9,72E+16",2,"https://www.google.com/maps/search/Mosqu/@24.763906845838704,55.22625165000002,14z?hl=en",,Dubai,W6V7+CRF,Grand express Mosque,grand-express-mosque,grand-express-mosque.jpg,5,https://www.google.com/maps/search/?api=1&query=%D9%85%D8%B3%D8%AC%D8%AF%20%D8%AC%D8%B1%D8%A7%D9%86%D8%AF%20%D8%A7%D9%83%D8%B3%D8%A8%D8%B1%D9%8A%D8%B3&query_place_id=ChIJZT-IKsBzXz4R8s7cBWDRndY,
TRUE,TRUE,FALSE,36WC+RFP - 19th St - Al Barsha - Al Barsha 2 - Dubai - United Arab Emirates,Dubai,AE,250.970.906,5.522.119,Al Barsha - Al Barsha 2,,,,,,,,,,,,,,,97146087777,27,"https://www.google.com/maps/search/Mosqu/@25.07406684999999,54.953303475156446,14z?hl=en",,Dubai,36WC+RFP - 19th St,Hamada Bint saeed al falasi,hamada-bint-saeed-al-falasi-mosque,hamada-bint-saeed-al-falasi-mosque.jpg,4.9,https://www.google.com/maps/search/?api=1&query=%D9%85%D8%B3%D8%AC%D8%AF%20%D8%AD%D9%85%D8%AF%D8%A9%20%D8%A8%D9%86%D8%AA%20%D8%B3%D8%B9%D9%8A%D8%AF%20%D8%A7%D9%84%D9%81%D9%84%D8%A7%D8%B3%D9%8A&query_place_id=ChIJQXOY0ABsXz4RSwExr9pqCCI,http://www.iacad.gov.ae/
